Financial Ratio Validation Report
============================================================

ABB | Dec 2012 | ROCE
Calculated : 36.32
Source     : 46.00
Difference : 9.68
Category   : Formula discrepancy
------------------------------------------------------------
ABB | Dec 2012 | ROE
Calculated : 22.41
Source     : 34.90
Difference : 12.49
Category   : Formula discrepancy
------------------------------------------------------------
ABB | Mar 2014 | ROCE
Calculated : 40.10
Source     : 46.00
Difference : 5.90
Category   : Formula discrepancy
------------------------------------------------------------
ABB | Mar 2014 | ROE
Calculated : 25.13
Source     : 34.90
Difference : 9.77
Category   : Formula discrepancy
------------------------------------------------------------
ABB | Mar 2015 | ROCE
Calculated : 38.42
Source     : 46.00
Difference : 7.58
Category   : Formula discrepancy
------------------------------------------------------------
ABB | Mar 2015 | ROE
Calculated : 24.44
Source     : 34.90
Difference : 10.46
Category   : Formula discrepancy
------------------------------------------------------------
ABB | Mar 2016 | ROCE
Calculated : 34.73
Source     : 46.00
Difference : 11.27
Category   : Formula discrepancy
------------------------------------------------------------
ABB | Mar 2016 | ROE
Calculated : 21.34
Source     : 34.90
Difference : 13.56
Category   : Formula discrepancy
------------------------------------------------------------
ABB | Mar 2017 | ROCE
Calculated : 32.80
Source     : 46.00
Difference : 13.20
Category   : Formula discrepancy
------------------------------------------------------------
ABB | Mar 2017 | ROE
Calculated : 19.97
Source     : 34.90
Difference : 14.93
Category   : Formula discrepancy
------------------------------------------------------------
ABB | Mar 2018 | ROCE
Calculated : 37.92
Source     : 46.00
Difference : 8.08
Category   : Formula discrepancy
------------------------------------------------------------
ABB | Mar 2018 | ROE
Calculated : 23.69
Source     : 34.90
Difference : 11.21
Category   : Formula discrepancy
------------------------------------------------------------
ABB | Mar 2019 | ROCE
Calculated : 35.76
Source     : 46.00
Difference : 10.24
Category   : Formula discrepancy
------------------------------------------------------------
ABB | Mar 2019 | ROE
Calculated : 22.41
Source     : 34.90
Difference : 12.49
Category   : Formula discrepancy
------------------------------------------------------------
ABB | Mar 2020 | ROCE
Calculated : 33.42
Source     : 46.00
Difference : 12.58
Category   : Formula discrepancy
------------------------------------------------------------
ABB | Mar 2020 | ROE
Calculated : 24.39
Source     : 34.90
Difference : 10.51
Category   : Formula discrepancy
------------------------------------------------------------
ABB | Mar 2021 | ROCE
Calculated : 36.41
Source     : 46.00
Difference : 9.59
Category   : Formula discrepancy
------------------------------------------------------------
ABB | Mar 2021 | ROE
Calculated : 26.56
Source     : 34.90
Difference : 8.34
Category   : Formula discrepancy
------------------------------------------------------------
ABB | Mar 2022 | ROCE
Calculated : 39.20
Source     : 46.00
Difference : 6.80
Category   : Formula discrepancy
------------------------------------------------------------
ABB | Mar 2022 | ROE
Calculated : 28.33
Source     : 34.90
Difference : 6.57
Category   : Formula discrepancy
------------------------------------------------------------
ABB | Mar 2023 | ROE
Calculated : 29.77
Source     : 34.90
Difference : 5.13
Category   : Formula discrepancy
------------------------------------------------------------
ADANIENSOL | Mar 2014 | ROCE
Calculated : 0.00
Source     : 9.00
Difference : 9.00
Category   : Formula discrepancy
------------------------------------------------------------
ADANIENSOL | Mar 2014 | ROE
Calculated : 0.00
Source     : 8.59
Difference : 8.59
Category   : Formula discrepancy
------------------------------------------------------------
ADANIENSOL | Mar 2015 | ROCE
Calculated : 0.96
Source     : 9.00
Difference : 8.04
Category   : Formula discrepancy
------------------------------------------------------------
ADANIENSOL | Mar 2015 | ROE
Calculated : -0.65
Source     : 8.59
Difference : 9.24
Category   : Formula discrepancy
------------------------------------------------------------
ADANIENSOL | Mar 2016 | ROCE
Calculated : 17.74
Source     : 9.00
Difference : 8.74
Category   : Formula discrepancy
------------------------------------------------------------
ADANIENSOL | Mar 2016 | ROE
Calculated : 13.77
Source     : 8.59
Difference : 5.18
Category   : Formula discrepancy
------------------------------------------------------------
ADANIENSOL | Mar 2017 | ROCE
Calculated : 16.82
Source     : 9.00
Difference : 7.82
Category   : Formula discrepancy
------------------------------------------------------------
ADANIENSOL | Mar 2017 | ROE
Calculated : 14.12
Source     : 8.59
Difference : 5.53
Category   : Formula discrepancy
------------------------------------------------------------
ADANIENSOL | Mar 2018 | ROCE
Calculated : 17.82
Source     : 9.00
Difference : 8.82
Category   : Formula discrepancy
------------------------------------------------------------
ADANIENSOL | Mar 2018 | ROE
Calculated : 18.87
Source     : 8.59
Difference : 10.28
Category   : Formula discrepancy
------------------------------------------------------------
ADANIENSOL | Mar 2021 | ROCE
Calculated : 14.06
Source     : 9.00
Difference : 5.06
Category   : Formula discrepancy
------------------------------------------------------------
ADANIENSOL | Mar 2021 | ROE
Calculated : 14.46
Source     : 8.59
Difference : 5.87
Category   : Formula discrepancy
------------------------------------------------------------
ADANIENT | Mar 2013 | ROE
Calculated : 5.69
Source     : 13.64
Difference : 7.95
Category   : Formula discrepancy
------------------------------------------------------------
ADANIENT | Mar 2016 | ROE
Calculated : 7.47
Source     : 13.64
Difference : 6.17
Category   : Formula discrepancy
------------------------------------------------------------
ADANIENT | Mar 2017 | ROE
Calculated : 6.54
Source     : 13.64
Difference : 7.10
Category   : Formula discrepancy
------------------------------------------------------------
ADANIENT | Mar 2018 | ROE
Calculated : 3.94
Source     : 13.64
Difference : 9.70
Category   : Formula discrepancy
------------------------------------------------------------
ADANIENT | Mar 2019 | ROE
Calculated : 3.43
Source     : 13.64
Difference : 10.21
Category   : Formula discrepancy
------------------------------------------------------------
ADANIENT | Mar 2020 | ROE
Calculated : 6.14
Source     : 13.64
Difference : 7.50
Category   : Formula discrepancy
------------------------------------------------------------
ADANIENT | Mar 2021 | ROE
Calculated : 6.10
Source     : 13.64
Difference : 7.54
Category   : Formula discrepancy
------------------------------------------------------------
ADANIENT | Mar 2022 | ROE
Calculated : 3.54
Source     : 13.64
Difference : 10.10
Category   : Formula discrepancy
------------------------------------------------------------
ADANIENT | Mar 2023 | ROE
Calculated : 7.33
Source     : 13.64
Difference : 6.31
Category   : Formula discrepancy
------------------------------------------------------------
ADANIENT | Mar 2024 | ROE
Calculated : 8.53
Source     : 13.64
Difference : 5.11
Category   : Formula discrepancy
------------------------------------------------------------
ADANIGREEN | Mar 2017 | ROCE
Calculated : 8.70
Source     : 96.50
Difference : 87.80
Category   : Formula discrepancy
------------------------------------------------------------
ADANIGREEN | Mar 2017 | ROE
Calculated : -3.91
Source     : 14.70
Difference : 18.61
Category   : Formula discrepancy
------------------------------------------------------------
ADANIGREEN | Mar 2018 | ROCE
Calculated : 7.90
Source     : 96.50
Difference : 88.60
Category   : Formula discrepancy
------------------------------------------------------------
ADANIGREEN | Mar 2018 | ROE
Calculated : -10.29
Source     : 14.70
Difference : 24.99
Category   : Formula discrepancy
------------------------------------------------------------
ADANIGREEN | Mar 2019 | ROCE
Calculated : 12.23
Source     : 96.50
Difference : 84.27
Category   : Formula discrepancy
------------------------------------------------------------
ADANIGREEN | Mar 2019 | ROE
Calculated : -24.57
Source     : 14.70
Difference : 39.27
Category   : Formula discrepancy
------------------------------------------------------------
ADANIGREEN | Mar 2020 | ROCE
Calculated : 7.77
Source     : 96.50
Difference : 88.73
Category   : Formula discrepancy
------------------------------------------------------------
ADANIGREEN | Mar 2020 | ROE
Calculated : -2.89
Source     : 14.70
Difference : 17.59
Category   : Formula discrepancy
------------------------------------------------------------
ADANIGREEN | Mar 2021 | ROCE
Calculated : 9.97
Source     : 96.50
Difference : 86.53
Category   : Formula discrepancy
------------------------------------------------------------
ADANIGREEN | Mar 2021 | ROE
Calculated : 8.27
Source     : 14.70
Difference : 6.43
Category   : Formula discrepancy
------------------------------------------------------------
ADANIGREEN | Mar 2022 | ROCE
Calculated : 7.25
Source     : 96.50
Difference : 89.25
Category   : Formula discrepancy
------------------------------------------------------------
ADANIGREEN | Mar 2023 | ROCE
Calculated : 9.16
Source     : 96.50
Difference : 87.34
Category   : Formula discrepancy
------------------------------------------------------------
ADANIGREEN | Mar 2024 | ROCE
Calculated : 11.49
Source     : 96.50
Difference : 85.01
Category   : Formula discrepancy
------------------------------------------------------------
ADANIPORTS | Mar 2013 | ROE
Calculated : 25.63
Source     : 18.10
Difference : 7.53
Category   : Formula discrepancy
------------------------------------------------------------
ADANIPORTS | Mar 2018 | ROCE
Calculated : 18.49
Source     : 12.90
Difference : 5.59
Category   : Formula discrepancy
------------------------------------------------------------
ADANIPORTS | Mar 2022 | ROE
Calculated : 11.84
Source     : 18.10
Difference : 6.26
Category   : Formula discrepancy
------------------------------------------------------------
ADANIPORTS | Mar 2023 | ROE
Calculated : 11.88
Source     : 18.10
Difference : 6.22
Category   : Formula discrepancy
------------------------------------------------------------
ADANIPOWER | Mar 2013 | ROCE
Calculated : 2.55
Source     : 32.20
Difference : 29.65
Category   : Formula discrepancy
------------------------------------------------------------
ADANIPOWER | Mar 2013 | ROE
Calculated : -53.46
Source     : 57.10
Difference : 110.56
Category   : Formula discrepancy
------------------------------------------------------------
ADANIPOWER | Mar 2014 | ROCE
Calculated : 9.33
Source     : 32.20
Difference : 22.87
Category   : Formula discrepancy
------------------------------------------------------------
ADANIPOWER | Mar 2014 | ROE
Calculated : -4.45
Source     : 57.10
Difference : 61.55
Category   : Formula discrepancy
------------------------------------------------------------
ADANIPOWER | Mar 2015 | ROCE
Calculated : 11.62
Source     : 32.20
Difference : 20.58
Category   : Formula discrepancy
------------------------------------------------------------
ADANIPOWER | Mar 2015 | ROE
Calculated : -14.25
Source     : 57.10
Difference : 71.35
Category   : Formula discrepancy
------------------------------------------------------------
ADANIPOWER | Mar 2016 | ROCE
Calculated : 14.29
Source     : 32.20
Difference : 17.91
Category   : Formula discrepancy
------------------------------------------------------------
ADANIPOWER | Mar 2016 | ROE
Calculated : 7.38
Source     : 57.10
Difference : 49.72
Category   : Formula discrepancy
------------------------------------------------------------
ADANIPOWER | Mar 2017 | ROCE
Calculated : 4.17
Source     : 32.20
Difference : 28.03
Category   : Formula discrepancy
------------------------------------------------------------
ADANIPOWER | Mar 2017 | ROE
Calculated : -205.80
Source     : 57.10
Difference : 262.90
Category   : Formula discrepancy
------------------------------------------------------------
ADANIPOWER | Mar 2018 | ROCE
Calculated : 11.52
Source     : 32.20
Difference : 20.68
Category   : Formula discrepancy
------------------------------------------------------------
ADANIPOWER | Mar 2018 | ROE
Calculated : -236.56
Source     : 57.10
Difference : 293.66
Category   : Formula discrepancy
------------------------------------------------------------
ADANIPOWER | Mar 2019 | ROCE
Calculated : 13.59
Source     : 32.20
Difference : 18.61
Category   : Formula discrepancy
------------------------------------------------------------
ADANIPOWER | Mar 2019 | ROE
Calculated : -12.76
Source     : 57.10
Difference : 69.86
Category   : Formula discrepancy
------------------------------------------------------------
ADANIPOWER | Mar 2020 | ROCE
Calculated : 9.82
Source     : 32.20
Difference : 22.38
Category   : Formula discrepancy
------------------------------------------------------------
ADANIPOWER | Mar 2020 | ROE
Calculated : -35.10
Source     : 57.10
Difference : 92.20
Category   : Formula discrepancy
------------------------------------------------------------
ADANIPOWER | Mar 2021 | ROCE
Calculated : 16.15
Source     : 32.20
Difference : 16.05
Category   : Formula discrepancy
------------------------------------------------------------
ADANIPOWER | Mar 2021 | ROE
Calculated : 9.69
Source     : 57.10
Difference : 47.41
Category   : Formula discrepancy
------------------------------------------------------------
ADANIPOWER | Mar 2022 | ROCE
Calculated : 20.40
Source     : 32.20
Difference : 11.80
Category   : Formula discrepancy
------------------------------------------------------------
ADANIPOWER | Mar 2022 | ROE
Calculated : 26.61
Source     : 57.10
Difference : 30.49
Category   : Formula discrepancy
------------------------------------------------------------
ADANIPOWER | Mar 2023 | ROCE
Calculated : 19.82
Source     : 32.20
Difference : 12.38
Category   : Formula discrepancy
------------------------------------------------------------
ADANIPOWER | Mar 2023 | ROE
Calculated : 35.91
Source     : 57.10
Difference : 21.19
Category   : Formula discrepancy
------------------------------------------------------------
ADANIPOWER | Mar 2024 | ROE
Calculated : 48.28
Source     : 57.10
Difference : 8.82
Category   : Formula discrepancy
------------------------------------------------------------
AMBUJACEM | Dec 2012 | ROCE
Calculated : 28.70
Source     : 12.80
Difference : 15.90
Category   : Formula discrepancy
------------------------------------------------------------
AMBUJACEM | Dec 2012 | ROE
Calculated : 14.69
Source     : 9.24
Difference : 5.45
Category   : Formula discrepancy
------------------------------------------------------------
AMBUJACEM | Dec 2013 | ROCE
Calculated : 21.65
Source     : 12.80
Difference : 8.85
Category   : Formula discrepancy
------------------------------------------------------------
AMBUJACEM | Dec 2014 | ROCE
Calculated : 23.29
Source     : 12.80
Difference : 10.49
Category   : Formula discrepancy
------------------------------------------------------------
AMBUJACEM | Dec 2014 | ROE
Calculated : 14.77
Source     : 9.24
Difference : 5.53
Category   : Formula discrepancy
------------------------------------------------------------
AMBUJACEM | Dec 2015 | ROCE
Calculated : 18.39
Source     : 12.80
Difference : 5.59
Category   : Formula discrepancy
------------------------------------------------------------
AMBUJACEM | Dec 2016 | ROCE
Calculated : 18.25
Source     : 12.80
Difference : 5.45
Category   : Formula discrepancy
------------------------------------------------------------
AMBUJACEM | Dec 2017 | ROCE
Calculated : 20.26
Source     : 12.80
Difference : 7.46
Category   : Formula discrepancy
------------------------------------------------------------
AMBUJACEM | Dec 2018 | ROCE
Calculated : 18.93
Source     : 12.80
Difference : 6.13
Category   : Formula discrepancy
------------------------------------------------------------
AMBUJACEM | Dec 2019 | ROCE
Calculated : 21.55
Source     : 12.80
Difference : 8.75
Category   : Formula discrepancy
------------------------------------------------------------
AMBUJACEM | Dec 2020 | ROCE
Calculated : 22.79
Source     : 12.80
Difference : 9.99
Category   : Formula discrepancy
------------------------------------------------------------
AMBUJACEM | Dec 2021 | ROCE
Calculated : 25.02
Source     : 12.80
Difference : 12.22
Category   : Formula discrepancy
------------------------------------------------------------
AMBUJACEM | Dec 2021 | ROE
Calculated : 14.64
Source     : 9.24
Difference : 5.40
Category   : Formula discrepancy
------------------------------------------------------------
AMBUJACEM | Mar 2024 | ROCE
Calculated : 18.51
Source     : 12.80
Difference : 5.71
Category   : Formula discrepancy
------------------------------------------------------------
APOLLOHOSP | Mar 2016 | ROE
Calculated : 7.05
Source     : 13.81
Difference : 6.76
Category   : Formula discrepancy
------------------------------------------------------------
APOLLOHOSP | Mar 2017 | ROE
Calculated : 3.95
Source     : 13.81
Difference : 9.86
Category   : Formula discrepancy
------------------------------------------------------------
APOLLOHOSP | Mar 2018 | ROE
Calculated : 1.85
Source     : 13.81
Difference : 11.96
Category   : Formula discrepancy
------------------------------------------------------------
APOLLOHOSP | Mar 2019 | ROE
Calculated : 6.00
Source     : 13.81
Difference : 7.81
Category   : Formula discrepancy
------------------------------------------------------------
APOLLOHOSP | Mar 2020 | ROCE
Calculated : 26.14
Source     : 17.20
Difference : 8.94
Category   : Formula discrepancy
------------------------------------------------------------
APOLLOHOSP | Mar 2021 | ROE
Calculated : 2.98
Source     : 13.81
Difference : 10.83
Category   : Formula discrepancy
------------------------------------------------------------
APOLLOHOSP | Mar 2022 | ROCE
Calculated : 26.39
Source     : 17.20
Difference : 9.19
Category   : Formula discrepancy
------------------------------------------------------------
APOLLOHOSP | Mar 2022 | ROE
Calculated : 19.70
Source     : 13.81
Difference : 5.89
Category   : Formula discrepancy
------------------------------------------------------------
ASIANPAINT | Mar 2013 | ROCE
Calculated : 50.92
Source     : 41.75
Difference : 9.17
Category   : Formula discrepancy
------------------------------------------------------------
ASIANPAINT | Mar 2014 | ROCE
Calculated : 49.63
Source     : 41.75
Difference : 7.88
Category   : Formula discrepancy
------------------------------------------------------------
ASIANPAINT | Mar 2018 | ROE
Calculated : 24.95
Source     : 31.45
Difference : 6.50
Category   : Formula discrepancy
------------------------------------------------------------
ASIANPAINT | Mar 2019 | ROE
Calculated : 23.31
Source     : 31.45
Difference : 8.14
Category   : Formula discrepancy
------------------------------------------------------------
ASIANPAINT | Mar 2021 | ROE
Calculated : 25.04
Source     : 31.45
Difference : 6.41
Category   : Formula discrepancy
------------------------------------------------------------
ASIANPAINT | Mar 2022 | ROCE
Calculated : 33.12
Source     : 41.75
Difference : 8.63
Category   : Formula discrepancy
------------------------------------------------------------
ASIANPAINT | Mar 2022 | ROE
Calculated : 22.34
Source     : 31.45
Difference : 9.11
Category   : Formula discrepancy
------------------------------------------------------------
ASIANPAINT | Mar 2023 | ROE
Calculated : 26.23
Source     : 31.45
Difference : 5.22
Category   : Formula discrepancy
------------------------------------------------------------
ATGL | Mar 2019 | ROCE
Calculated : 34.36
Source     : 21.20
Difference : 13.16
Category   : Formula discrepancy
------------------------------------------------------------
ATGL | Mar 2020 | ROCE
Calculated : 33.65
Source     : 21.20
Difference : 12.45
Category   : Formula discrepancy
------------------------------------------------------------
ATGL | Mar 2020 | ROE
Calculated : 29.64
Source     : 20.50
Difference : 9.14
Category   : Formula discrepancy
------------------------------------------------------------
ATGL | Mar 2021 | ROCE
Calculated : 29.80
Source     : 21.20
Difference : 8.60
Category   : Formula discrepancy
------------------------------------------------------------
AXISBANK | Mar 2017 | ROE
Calculated : 6.53
Source     : 18.40
Difference : 11.87
Category   : Formula discrepancy
------------------------------------------------------------
AXISBANK | Mar 2018 | ROE
Calculated : 0.43
Source     : 18.40
Difference : 17.97
Category   : Formula discrepancy
------------------------------------------------------------
AXISBANK | Mar 2019 | ROE
Calculated : 6.90
Source     : 18.40
Difference : 11.50
Category   : Formula discrepancy
------------------------------------------------------------
AXISBANK | Mar 2020 | ROE
Calculated : 1.88
Source     : 18.40
Difference : 16.52
Category   : Formula discrepancy
------------------------------------------------------------
AXISBANK | Mar 2021 | ROE
Calculated : 6.36
Source     : 18.40
Difference : 12.04
Category   : Formula discrepancy
------------------------------------------------------------
AXISBANK | Mar 2022 | ROE
Calculated : 11.01
Source     : 18.40
Difference : 7.39
Category   : Formula discrepancy
------------------------------------------------------------
AXISBANK | Mar 2023 | ROE
Calculated : 7.38
Source     : 18.40
Difference : 11.02
Category   : Formula discrepancy
------------------------------------------------------------
BAJAJ-AUTO | Mar 2013 | ROCE
Calculated : 54.35
Source     : 33.50
Difference : 20.85
Category   : Formula discrepancy
------------------------------------------------------------
BAJAJ-AUTO | Mar 2013 | ROE
Calculated : 38.85
Source     : 26.50
Difference : 12.35
Category   : Formula discrepancy
------------------------------------------------------------
BAJAJ-AUTO | Mar 2014 | ROCE
Calculated : 47.30
Source     : 33.50
Difference : 13.80
Category   : Formula discrepancy
------------------------------------------------------------
BAJAJ-AUTO | Mar 2014 | ROE
Calculated : 33.24
Source     : 26.50
Difference : 6.74
Category   : Formula discrepancy
------------------------------------------------------------
BAJAJ-AUTO | Mar 2015 | ROCE
Calculated : 38.87
Source     : 33.50
Difference : 5.37
Category   : Formula discrepancy
------------------------------------------------------------
BAJAJ-AUTO | Mar 2016 | ROCE
Calculated : 42.35
Source     : 33.50
Difference : 8.85
Category   : Formula discrepancy
------------------------------------------------------------
BAJAJ-AUTO | Mar 2018 | ROE
Calculated : 20.66
Source     : 26.50
Difference : 5.84
Category   : Formula discrepancy
------------------------------------------------------------
BAJAJ-AUTO | Mar 2019 | ROE
Calculated : 21.21
Source     : 26.50
Difference : 5.29
Category   : Formula discrepancy
------------------------------------------------------------
BAJAJ-AUTO | Mar 2021 | ROCE
Calculated : 23.76
Source     : 33.50
Difference : 9.74
Category   : Formula discrepancy
------------------------------------------------------------
BAJAJ-AUTO | Mar 2021 | ROE
Calculated : 17.81
Source     : 26.50
Difference : 8.69
Category   : Formula discrepancy
------------------------------------------------------------
BAJAJ-AUTO | Mar 2022 | ROCE
Calculated : 26.45
Source     : 33.50
Difference : 7.05
Category   : Formula discrepancy
------------------------------------------------------------
BAJAJ-AUTO | Mar 2022 | ROE
Calculated : 20.65
Source     : 26.50
Difference : 5.85
Category   : Formula discrepancy
------------------------------------------------------------
BAJAJ-AUTO | Mar 2023 | ROCE
Calculated : 27.70
Source     : 33.50
Difference : 5.80
Category   : Formula discrepancy
------------------------------------------------------------
BAJAJ-AUTO | Mar 2023 | ROE
Calculated : 20.64
Source     : 26.50
Difference : 5.86
Category   : Formula discrepancy
------------------------------------------------------------
BAJAJFINSV | Mar 2013 | ROE
Calculated : 28.38
Source     : 11.72
Difference : 16.66
Category   : Formula discrepancy
------------------------------------------------------------
BAJAJFINSV | Mar 2014 | ROCE
Calculated : 15.59
Source     : 21.14
Difference : 5.55
Category   : Formula discrepancy
------------------------------------------------------------
BAJAJFINSV | Mar 2014 | ROE
Calculated : 23.53
Source     : 11.72
Difference : 11.81
Category   : Formula discrepancy
------------------------------------------------------------
BAJAJFINSV | Mar 2015 | ROCE
Calculated : 14.76
Source     : 21.14
Difference : 6.38
Category   : Formula discrepancy
------------------------------------------------------------
BAJAJFINSV | Mar 2015 | ROE
Calculated : 21.72
Source     : 11.72
Difference : 10.00
Category   : Formula discrepancy
------------------------------------------------------------
BAJAJFINSV | Mar 2016 | ROCE
Calculated : 13.57
Source     : 21.14
Difference : 7.57
Category   : Formula discrepancy
------------------------------------------------------------
BAJAJFINSV | Mar 2016 | ROE
Calculated : 20.41
Source     : 11.72
Difference : 8.69
Category   : Formula discrepancy
------------------------------------------------------------
BAJAJFINSV | Mar 2017 | ROCE
Calculated : 13.52
Source     : 21.14
Difference : 7.62
Category   : Formula discrepancy
------------------------------------------------------------
BAJAJFINSV | Mar 2017 | ROE
Calculated : 21.36
Source     : 11.72
Difference : 9.64
Category   : Formula discrepancy
------------------------------------------------------------
BAJAJFINSV | Mar 2018 | ROCE
Calculated : 12.52
Source     : 21.14
Difference : 8.62
Category   : Formula discrepancy
------------------------------------------------------------
BAJAJFINSV | Mar 2018 | ROE
Calculated : 20.39
Source     : 11.72
Difference : 8.67
Category   : Formula discrepancy
------------------------------------------------------------
BAJAJFINSV | Mar 2019 | ROCE
Calculated : 12.18
Source     : 21.14
Difference : 8.96
Category   : Formula discrepancy
------------------------------------------------------------
BAJAJFINSV | Mar 2019 | ROE
Calculated : 22.64
Source     : 11.72
Difference : 10.92
Category   : Formula discrepancy
------------------------------------------------------------
BAJAJFINSV | Mar 2020 | ROCE
Calculated : 11.52
Source     : 21.14
Difference : 9.62
Category   : Formula discrepancy
------------------------------------------------------------
BAJAJFINSV | Mar 2020 | ROE
Calculated : 19.15
Source     : 11.72
Difference : 7.43
Category   : Formula discrepancy
------------------------------------------------------------
BAJAJFINSV | Mar 2021 | ROCE
Calculated : 11.95
Source     : 21.14
Difference : 9.19
Category   : Formula discrepancy
------------------------------------------------------------
BAJAJFINSV | Mar 2021 | ROE
Calculated : 20.56
Source     : 11.72
Difference : 8.84
Category   : Formula discrepancy
------------------------------------------------------------
BAJAJFINSV | Mar 2022 | ROCE
Calculated : 10.66
Source     : 21.14
Difference : 10.48
Category   : Formula discrepancy
------------------------------------------------------------
BAJAJFINSV | Mar 2022 | ROE
Calculated : 20.66
Source     : 11.72
Difference : 8.94
Category   : Formula discrepancy
------------------------------------------------------------
BAJAJFINSV | Mar 2023 | ROCE
Calculated : 11.55
Source     : 21.14
Difference : 9.59
Category   : Formula discrepancy
------------------------------------------------------------
BAJAJFINSV | Mar 2023 | ROE
Calculated : 26.31
Source     : 11.72
Difference : 14.59
Category   : Formula discrepancy
------------------------------------------------------------
BAJAJFINSV | Mar 2024 | ROCE
Calculated : 11.71
Source     : 21.14
Difference : 9.43
Category   : Formula discrepancy
------------------------------------------------------------
BAJAJFINSV | Mar 2024 | ROE
Calculated : 25.85
Source     : 11.72
Difference : 14.13
Category   : Formula discrepancy
------------------------------------------------------------
BAJAJHLDNG | Mar 2013 | ROCE
Calculated : 3.14
Source     : 13.10
Difference : 9.96
Category   : Formula discrepancy
------------------------------------------------------------
BAJAJHLDNG | Mar 2014 | ROCE
Calculated : 3.38
Source     : 13.10
Difference : 9.72
Category   : Formula discrepancy
------------------------------------------------------------
BAJAJHLDNG | Mar 2015 | ROCE
Calculated : 3.88
Source     : 13.10
Difference : 9.22
Category   : Formula discrepancy
------------------------------------------------------------
BAJAJHLDNG | Mar 2016 | ROCE
Calculated : 2.85
Source     : 13.10
Difference : 10.25
Category   : Formula discrepancy
------------------------------------------------------------
BAJAJHLDNG | Mar 2017 | ROCE
Calculated : 3.57
Source     : 13.10
Difference : 9.53
Category   : Formula discrepancy
------------------------------------------------------------
BAJAJHLDNG | Mar 2022 | ROE
Calculated : 9.63
Source     : 14.80
Difference : 5.17
Category   : Formula discrepancy
------------------------------------------------------------
BAJFINANCE | Mar 2015 | ROCE
Calculated : 5.65
Source     : 11.90
Difference : 6.25
Category   : Formula discrepancy
------------------------------------------------------------
BAJFINANCE | Mar 2016 | ROCE
Calculated : 5.36
Source     : 11.90
Difference : 6.54
Category   : Formula discrepancy
------------------------------------------------------------
BAJFINANCE | Mar 2017 | ROCE
Calculated : 5.57
Source     : 11.90
Difference : 6.33
Category   : Formula discrepancy
------------------------------------------------------------
BAJFINANCE | Mar 2018 | ROCE
Calculated : 5.03
Source     : 11.90
Difference : 6.87
Category   : Formula discrepancy
------------------------------------------------------------
BAJFINANCE | Mar 2018 | ROE
Calculated : 15.75
Source     : 22.10
Difference : 6.35
Category   : Formula discrepancy
------------------------------------------------------------
BAJFINANCE | Mar 2019 | ROCE
Calculated : 4.52
Source     : 11.90
Difference : 7.38
Category   : Formula discrepancy
------------------------------------------------------------
BAJFINANCE | Mar 2020 | ROCE
Calculated : 5.67
Source     : 11.90
Difference : 6.23
Category   : Formula discrepancy
------------------------------------------------------------
BAJFINANCE | Mar 2020 | ROE
Calculated : 16.28
Source     : 22.10
Difference : 5.82
Category   : Formula discrepancy
------------------------------------------------------------
BAJFINANCE | Mar 2021 | ROCE
Calculated : 6.44
Source     : 11.90
Difference : 5.46
Category   : Formula discrepancy
------------------------------------------------------------
BAJFINANCE | Mar 2021 | ROE
Calculated : 11.97
Source     : 22.10
Difference : 10.13
Category   : Formula discrepancy
------------------------------------------------------------
BAJFINANCE | Mar 2022 | ROCE
Calculated : 5.70
Source     : 11.90
Difference : 6.20
Category   : Formula discrepancy
------------------------------------------------------------
BAJFINANCE | Mar 2022 | ROE
Calculated : 16.08
Source     : 22.10
Difference : 6.02
Category   : Formula discrepancy
------------------------------------------------------------
BAJFINANCE | Mar 2023 | ROCE
Calculated : 4.70
Source     : 11.90
Difference : 7.20
Category   : Formula discrepancy
------------------------------------------------------------
BAJFINANCE | Mar 2024 | ROCE
Calculated : 4.36
Source     : 11.90
Difference : 7.54
Category   : Formula discrepancy
------------------------------------------------------------
BANKBARODA | Mar 2015 | ROE
Calculated : 9.40
Source     : 16.70
Difference : 7.30
Category   : Formula discrepancy
------------------------------------------------------------
BANKBARODA | Mar 2016 | ROE
Calculated : -11.84
Source     : 16.70
Difference : 28.54
Category   : Formula discrepancy
------------------------------------------------------------
BANKBARODA | Mar 2017 | ROE
Calculated : 4.31
Source     : 16.70
Difference : 12.39
Category   : Formula discrepancy
------------------------------------------------------------
BANKBARODA | Mar 2018 | ROE
Calculated : -3.94
Source     : 16.70
Difference : 20.64
Category   : Formula discrepancy
------------------------------------------------------------
BANKBARODA | Mar 2019 | ROE
Calculated : 2.12
Source     : 16.70
Difference : 14.58
Category   : Formula discrepancy
------------------------------------------------------------
BANKBARODA | Mar 2020 | ROE
Calculated : 1.29
Source     : 16.70
Difference : 15.41
Category   : Formula discrepancy
------------------------------------------------------------
BANKBARODA | Mar 2021 | ROE
Calculated : 1.97
Source     : 16.70
Difference : 14.73
Category   : Formula discrepancy
------------------------------------------------------------
BANKBARODA | Mar 2022 | ROE
Calculated : 8.64
Source     : 16.70
Difference : 8.06
Category   : Formula discrepancy
------------------------------------------------------------
BEL | Mar 2013 | ROCE
Calculated : 4303.33
Source     : 34.60
Difference : 4268.73
Category   : Formula discrepancy
------------------------------------------------------------
BEL | Mar 2013 | ROE
Calculated : 15183.33
Source     : 26.30
Difference : 15157.03
Category   : Formula discrepancy
------------------------------------------------------------
BEL | Mar 2014 | ROCE
Calculated : 4867.86
Source     : 34.60
Difference : 4833.26
Category   : Formula discrepancy
------------------------------------------------------------
BEL | Mar 2014 | ROE
Calculated : 13600.00
Source     : 26.30
Difference : 13573.70
Category   : Formula discrepancy
------------------------------------------------------------
BEL | Mar 2015 | ROCE
Calculated : 5109.09
Source     : 34.60
Difference : 5074.49
Category   : Formula discrepancy
------------------------------------------------------------
BEL | Mar 2015 | ROE
Calculated : 17100.00
Source     : 26.30
Difference : 17073.70
Category   : Formula discrepancy
------------------------------------------------------------
BEL | Mar 2016 | ROCE
Calculated : 5313.51
Source     : 34.60
Difference : 5278.91
Category   : Formula discrepancy
------------------------------------------------------------
BEL | Mar 2016 | ROE
Calculated : 11141.67
Source     : 26.30
Difference : 11115.37
Category   : Formula discrepancy
------------------------------------------------------------
BEL | Mar 2017 | ROCE
Calculated : 5027.27
Source     : 34.60
Difference : 4992.67
Category   : Formula discrepancy
------------------------------------------------------------
BEL | Mar 2017 | ROE
Calculated : 10153.33
Source     : 26.30
Difference : 10127.03
Category   : Formula discrepancy
------------------------------------------------------------
BEL | Mar 2018 | ROCE
Calculated : 2829.11
Source     : 34.60
Difference : 2794.51
Category   : Formula discrepancy
------------------------------------------------------------
BEL | Mar 2018 | ROE
Calculated : 4616.13
Source     : 26.30
Difference : 4589.83
Category   : Formula discrepancy
------------------------------------------------------------
BEL | Mar 2019 | ROCE
Calculated : 3106.25
Source     : 34.60
Difference : 3071.65
Category   : Formula discrepancy
------------------------------------------------------------
BEL | Mar 2019 | ROE
Calculated : 3851.02
Source     : 26.30
Difference : 3824.72
Category   : Formula discrepancy
------------------------------------------------------------
BEL | Mar 2020 | ROCE
Calculated : 2886.87
Source     : 34.60
Difference : 2852.27
Category   : Formula discrepancy
------------------------------------------------------------
BEL | Mar 2020 | ROE
Calculated : 3318.18
Source     : 26.30
Difference : 3291.88
Category   : Formula discrepancy
------------------------------------------------------------
BEL | Mar 2021 | ROCE
Calculated : 3091.67
Source     : 34.60
Difference : 3057.07
Category   : Formula discrepancy
------------------------------------------------------------
BEL | Mar 2021 | ROE
Calculated : 3559.32
Source     : 26.30
Difference : 3533.02
Category   : Formula discrepancy
------------------------------------------------------------
BEL | Mar 2022 | ROCE
Calculated : 2815.75
Source     : 34.60
Difference : 2781.15
Category   : Formula discrepancy
------------------------------------------------------------
BEL | Mar 2022 | ROE
Calculated : 3478.26
Source     : 26.30
Difference : 3451.96
Category   : Formula discrepancy
------------------------------------------------------------
BEL | Mar 2023 | ROCE
Calculated : 3834.21
Source     : 34.60
Difference : 3799.61
Category   : Formula discrepancy
------------------------------------------------------------
BEL | Mar 2023 | ROE
Calculated : 3981.33
Source     : 26.30
Difference : 3955.03
Category   : Formula discrepancy
------------------------------------------------------------
BEL | Mar 2024 | ROCE
Calculated : 4504.72
Source     : 34.60
Difference : 4470.12
Category   : Formula discrepancy
------------------------------------------------------------
BEL | Mar 2024 | ROE
Calculated : 4744.05
Source     : 26.30
Difference : 4717.75
Category   : Formula discrepancy
------------------------------------------------------------
BHARTIARTL | Mar 2013 | ROCE
Calculated : 20.60
Source     : 13.10
Difference : 7.50
Category   : Formula discrepancy
------------------------------------------------------------
BHARTIARTL | Mar 2013 | ROE
Calculated : 4.50
Source     : 14.90
Difference : 10.40
Category   : Formula discrepancy
------------------------------------------------------------
BHARTIARTL | Mar 2014 | ROCE
Calculated : 21.67
Source     : 13.10
Difference : 8.57
Category   : Formula discrepancy
------------------------------------------------------------
BHARTIARTL | Mar 2014 | ROE
Calculated : 5.05
Source     : 14.90
Difference : 9.85
Category   : Formula discrepancy
------------------------------------------------------------
BHARTIARTL | Mar 2015 | ROCE
Calculated : 28.29
Source     : 13.10
Difference : 15.19
Category   : Formula discrepancy
------------------------------------------------------------
BHARTIARTL | Mar 2016 | ROCE
Calculated : 23.20
Source     : 13.10
Difference : 10.10
Category   : Formula discrepancy
------------------------------------------------------------
BHARTIARTL | Mar 2017 | ROCE
Calculated : 21.20
Source     : 13.10
Difference : 8.10
Category   : Formula discrepancy
------------------------------------------------------------
BHARTIARTL | Mar 2017 | ROE
Calculated : 6.29
Source     : 14.90
Difference : 8.61
Category   : Formula discrepancy
------------------------------------------------------------
BHARTIARTL | Mar 2018 | ROE
Calculated : 3.14
Source     : 14.90
Difference : 11.76
Category   : Formula discrepancy
------------------------------------------------------------
BHARTIARTL | Mar 2019 | ROE
Calculated : 2.36
Source     : 14.90
Difference : 12.54
Category   : Formula discrepancy
------------------------------------------------------------
BHARTIARTL | Mar 2020 | ROCE
Calculated : -0.52
Source     : 13.10
Difference : 13.62
Category   : Formula discrepancy
------------------------------------------------------------
BHARTIARTL | Mar 2020 | ROE
Calculated : -39.75
Source     : 14.90
Difference : 54.65
Category   : Formula discrepancy
------------------------------------------------------------
BHARTIARTL | Mar 2021 | ROCE
Calculated : 18.52
Source     : 13.10
Difference : 5.42
Category   : Formula discrepancy
------------------------------------------------------------
BHARTIARTL | Mar 2021 | ROE
Calculated : -20.97
Source     : 14.90
Difference : 35.87
Category   : Formula discrepancy
------------------------------------------------------------
BHARTIARTL | Mar 2022 | ROCE
Calculated : 26.33
Source     : 13.10
Difference : 13.23
Category   : Formula discrepancy
------------------------------------------------------------
BHARTIARTL | Mar 2023 | ROCE
Calculated : 23.81
Source     : 13.10
Difference : 10.71
Category   : Formula discrepancy
------------------------------------------------------------
BHARTIARTL | Mar 2024 | ROCE
Calculated : 25.10
Source     : 13.10
Difference : 12.00
Category   : Formula discrepancy
------------------------------------------------------------
BHEL | Mar 2013 | ROCE
Calculated : 31.93
Source     : 3.28
Difference : 28.65
Category   : Formula discrepancy
------------------------------------------------------------
BHEL | Mar 2013 | ROE
Calculated : 21.91
Source     : 1.05
Difference : 20.86
Category   : Formula discrepancy
------------------------------------------------------------
BHEL | Mar 2014 | ROCE
Calculated : 16.36
Source     : 3.28
Difference : 13.08
Category   : Formula discrepancy
------------------------------------------------------------
BHEL | Mar 2014 | ROE
Calculated : 10.56
Source     : 1.05
Difference : 9.51
Category   : Formula discrepancy
------------------------------------------------------------
BHEL | Mar 2015 | ROCE
Calculated : 9.31
Source     : 3.28
Difference : 6.03
Category   : Formula discrepancy
------------------------------------------------------------
BHEL | Mar 2020 | ROE
Calculated : -5.12
Source     : 1.05
Difference : 6.17
Category   : Formula discrepancy
------------------------------------------------------------
BHEL | Mar 2021 | ROCE
Calculated : -8.59
Source     : 3.28
Difference : 11.87
Category   : Formula discrepancy
------------------------------------------------------------
BHEL | Mar 2021 | ROE
Calculated : -10.39
Source     : 1.05
Difference : 11.44
Category   : Formula discrepancy
------------------------------------------------------------
BOSCHLTD | Dec 2012 | ROCE
Calculated : 29.62
Source     : 20.60
Difference : 9.02
Category   : Formula discrepancy
------------------------------------------------------------
BOSCHLTD | Mar 2015 | ROCE
Calculated : 33.76
Source     : 20.60
Difference : 13.16
Category   : Formula discrepancy
------------------------------------------------------------
BOSCHLTD | Mar 2016 | ROCE
Calculated : 26.09
Source     : 20.60
Difference : 5.49
Category   : Formula discrepancy
------------------------------------------------------------
BOSCHLTD | Mar 2017 | ROCE
Calculated : 32.67
Source     : 20.60
Difference : 12.07
Category   : Formula discrepancy
------------------------------------------------------------
BOSCHLTD | Mar 2019 | ROCE
Calculated : 30.17
Source     : 20.60
Difference : 9.57
Category   : Formula discrepancy
------------------------------------------------------------
BOSCHLTD | Mar 2020 | ROCE
Calculated : 14.75
Source     : 20.60
Difference : 5.85
Category   : Formula discrepancy
------------------------------------------------------------
BOSCHLTD | Mar 2020 | ROE
Calculated : 7.01
Source     : 16.00
Difference : 8.99
Category   : Formula discrepancy
------------------------------------------------------------
BOSCHLTD | Mar 2021 | ROCE
Calculated : 9.33
Source     : 20.60
Difference : 11.27
Category   : Formula discrepancy
------------------------------------------------------------
BOSCHLTD | Mar 2021 | ROE
Calculated : 4.91
Source     : 16.00
Difference : 11.09
Category   : Formula discrepancy
------------------------------------------------------------
BOSCHLTD | Mar 2024 | ROCE
Calculated : 30.25
Source     : 20.60
Difference : 9.65
Category   : Formula discrepancy
------------------------------------------------------------
BPCL | Mar 2013 | ROCE
Calculated : 16.42
Source     : 32.10
Difference : 15.68
Category   : Formula discrepancy
------------------------------------------------------------
BPCL | Mar 2013 | ROE
Calculated : 11.54
Source     : 41.90
Difference : 30.36
Category   : Formula discrepancy
------------------------------------------------------------
BPCL | Mar 2014 | ROCE
Calculated : 20.46
Source     : 32.10
Difference : 11.64
Category   : Formula discrepancy
------------------------------------------------------------
BPCL | Mar 2014 | ROE
Calculated : 20.85
Source     : 41.90
Difference : 21.05
Category   : Formula discrepancy
------------------------------------------------------------
BPCL | Mar 2015 | ROCE
Calculated : 24.76
Source     : 32.10
Difference : 7.34
Category   : Formula discrepancy
------------------------------------------------------------
BPCL | Mar 2015 | ROE
Calculated : 22.52
Source     : 41.90
Difference : 19.38
Category   : Formula discrepancy
------------------------------------------------------------
BPCL | Mar 2016 | ROE
Calculated : 29.10
Source     : 41.90
Difference : 12.80
Category   : Formula discrepancy
------------------------------------------------------------
BPCL | Mar 2017 | ROCE
Calculated : 24.80
Source     : 32.10
Difference : 7.30
Category   : Formula discrepancy
------------------------------------------------------------
BPCL | Mar 2017 | ROE
Calculated : 30.85
Source     : 41.90
Difference : 11.05
Category   : Formula discrepancy
------------------------------------------------------------
BPCL | Mar 2018 | ROCE
Calculated : 24.56
Source     : 32.10
Difference : 7.54
Category   : Formula discrepancy
------------------------------------------------------------
BPCL | Mar 2018 | ROE
Calculated : 26.74
Source     : 41.90
Difference : 15.16
Category   : Formula discrepancy
------------------------------------------------------------
BPCL | Mar 2019 | ROCE
Calculated : 21.63
Source     : 32.10
Difference : 10.47
Category   : Formula discrepancy
------------------------------------------------------------
BPCL | Mar 2019 | ROE
Calculated : 22.00
Source     : 41.90
Difference : 19.90
Category   : Formula discrepancy
------------------------------------------------------------
BPCL | Mar 2020 | ROCE
Calculated : 10.16
Source     : 32.10
Difference : 21.94
Category   : Formula discrepancy
------------------------------------------------------------
BPCL | Mar 2020 | ROE
Calculated : 10.04
Source     : 41.90
Difference : 31.86
Category   : Formula discrepancy
------------------------------------------------------------
BPCL | Mar 2021 | ROCE
Calculated : 26.36
Source     : 32.10
Difference : 5.74
Category   : Formula discrepancy
------------------------------------------------------------
BPCL | Mar 2021 | ROE
Calculated : 32.34
Source     : 41.90
Difference : 9.56
Category   : Formula discrepancy
------------------------------------------------------------
BPCL | Mar 2022 | ROCE
Calculated : 20.68
Source     : 32.10
Difference : 11.42
Category   : Formula discrepancy
------------------------------------------------------------
BPCL | Mar 2022 | ROE
Calculated : 22.51
Source     : 41.90
Difference : 19.39
Category   : Formula discrepancy
------------------------------------------------------------
BPCL | Mar 2023 | ROCE
Calculated : 10.52
Source     : 32.10
Difference : 21.58
Category   : Formula discrepancy
------------------------------------------------------------
BPCL | Mar 2023 | ROE
Calculated : 3.98
Source     : 41.90
Difference : 37.92
Category   : Formula discrepancy
------------------------------------------------------------
BPCL | Mar 2024 | ROE
Calculated : 35.51
Source     : 41.90
Difference : 6.39
Category   : Formula discrepancy
------------------------------------------------------------
BRITANNIA | Mar 2013 | ROE
Calculated : 46.59
Source     : 57.10
Difference : 10.51
Category   : Formula discrepancy
------------------------------------------------------------
BRITANNIA | Mar 2014 | ROCE
Calculated : 69.73
Source     : 48.90
Difference : 20.83
Category   : Formula discrepancy
------------------------------------------------------------
BRITANNIA | Mar 2014 | ROE
Calculated : 49.50
Source     : 57.10
Difference : 7.60
Category   : Formula discrepancy
------------------------------------------------------------
BRITANNIA | Mar 2015 | ROCE
Calculated : 78.99
Source     : 48.90
Difference : 30.09
Category   : Formula discrepancy
------------------------------------------------------------
BRITANNIA | Mar 2016 | ROCE
Calculated : 60.23
Source     : 48.90
Difference : 11.33
Category   : Formula discrepancy
------------------------------------------------------------
BRITANNIA | Mar 2016 | ROE
Calculated : 39.44
Source     : 57.10
Difference : 17.66
Category   : Formula discrepancy
------------------------------------------------------------
BRITANNIA | Mar 2017 | ROE
Calculated : 32.83
Source     : 57.10
Difference : 24.27
Category   : Formula discrepancy
------------------------------------------------------------
BRITANNIA | Mar 2018 | ROE
Calculated : 29.48
Source     : 57.10
Difference : 27.62
Category   : Formula discrepancy
------------------------------------------------------------
BRITANNIA | Mar 2019 | ROE
Calculated : 27.16
Source     : 57.10
Difference : 29.94
Category   : Formula discrepancy
------------------------------------------------------------
BRITANNIA | Mar 2020 | ROCE
Calculated : 35.45
Source     : 48.90
Difference : 13.45
Category   : Formula discrepancy
------------------------------------------------------------
BRITANNIA | Mar 2020 | ROE
Calculated : 31.66
Source     : 57.10
Difference : 25.44
Category   : Formula discrepancy
------------------------------------------------------------
BRITANNIA | Mar 2023 | ROE
Calculated : 65.53
Source     : 57.10
Difference : 8.43
Category   : Formula discrepancy
------------------------------------------------------------
BRITANNIA | Mar 2024 | ROCE
Calculated : 56.24
Source     : 48.90
Difference : 7.34
Category   : Formula discrepancy
------------------------------------------------------------
CANBK | Mar 2013 | ROE
Calculated : 11.90
Source     : 17.90
Difference : 6.00
Category   : Formula discrepancy
------------------------------------------------------------
CANBK | Mar 2014 | ROE
Calculated : 8.85
Source     : 17.90
Difference : 9.05
Category   : Formula discrepancy
------------------------------------------------------------
CANBK | Mar 2015 | ROE
Calculated : 9.02
Source     : 17.90
Difference : 8.88
Category   : Formula discrepancy
------------------------------------------------------------
CANBK | Mar 2016 | ROE
Calculated : -7.82
Source     : 17.90
Difference : 25.72
Category   : Formula discrepancy
------------------------------------------------------------
CANBK | Mar 2017 | ROE
Calculated : 4.07
Source     : 17.90
Difference : 13.83
Category   : Formula discrepancy
------------------------------------------------------------
CANBK | Mar 2018 | ROE
Calculated : -10.50
Source     : 17.90
Difference : 28.40
Category   : Formula discrepancy
------------------------------------------------------------
CANBK | Mar 2019 | ROE
Calculated : 1.85
Source     : 17.90
Difference : 16.05
Category   : Formula discrepancy
------------------------------------------------------------
CANBK | Mar 2020 | ROE
Calculated : -4.66
Source     : 17.90
Difference : 22.56
Category   : Formula discrepancy
------------------------------------------------------------
CANBK | Mar 2021 | ROE
Calculated : 4.74
Source     : 17.90
Difference : 13.16
Category   : Formula discrepancy
------------------------------------------------------------
CANBK | Mar 2022 | ROE
Calculated : 8.80
Source     : 17.90
Difference : 9.10
Category   : Formula discrepancy
------------------------------------------------------------
CHOLAFIN | Mar 2013 | ROCE
Calculated : 4.10
Source     : 10.40
Difference : 6.30
Category   : Formula discrepancy
------------------------------------------------------------
CHOLAFIN | Mar 2014 | ROCE
Calculated : 4.67
Source     : 10.40
Difference : 5.73
Category   : Formula discrepancy
------------------------------------------------------------
CHOLAFIN | Mar 2015 | ROCE
Calculated : 4.77
Source     : 10.40
Difference : 5.63
Category   : Formula discrepancy
------------------------------------------------------------
CHOLAFIN | Mar 2016 | ROCE
Calculated : 4.91
Source     : 10.40
Difference : 5.49
Category   : Formula discrepancy
------------------------------------------------------------
CHOLAFIN | Mar 2017 | ROCE
Calculated : 4.74
Source     : 10.40
Difference : 5.66
Category   : Formula discrepancy
------------------------------------------------------------
CHOLAFIN | Mar 2018 | ROCE
Calculated : 3.40
Source     : 10.40
Difference : 7.00
Category   : Formula discrepancy
------------------------------------------------------------
CHOLAFIN | Mar 2019 | ROCE
Calculated : 2.92
Source     : 10.40
Difference : 7.48
Category   : Formula discrepancy
------------------------------------------------------------
CHOLAFIN | Mar 2020 | ROCE
Calculated : 3.86
Source     : 10.40
Difference : 6.54
Category   : Formula discrepancy
------------------------------------------------------------
CHOLAFIN | Mar 2020 | ROE
Calculated : 12.85
Source     : 20.20
Difference : 7.35
Category   : Formula discrepancy
------------------------------------------------------------
CHOLAFIN | Mar 2021 | ROCE
Calculated : 4.00
Source     : 10.40
Difference : 6.40
Category   : Formula discrepancy
------------------------------------------------------------
CHOLAFIN | Mar 2022 | ROCE
Calculated : 3.65
Source     : 10.40
Difference : 6.75
Category   : Formula discrepancy
------------------------------------------------------------
CHOLAFIN | Mar 2023 | ROCE
Calculated : 3.27
Source     : 10.40
Difference : 7.13
Category   : Formula discrepancy
------------------------------------------------------------
CHOLAFIN | Mar 2024 | ROCE
Calculated : 3.51
Source     : 10.40
Difference : 6.89
Category   : Formula discrepancy
------------------------------------------------------------
CIPLA | Mar 2013 | ROCE
Calculated : 61.01
Source     : 22.80
Difference : 38.21
Category   : Formula discrepancy
------------------------------------------------------------
CIPLA | Mar 2014 | ROCE
Calculated : 71.22
Source     : 22.80
Difference : 48.42
Category   : Formula discrepancy
------------------------------------------------------------
CIPLA | Mar 2015 | ROCE
Calculated : 73.59
Source     : 22.80
Difference : 50.79
Category   : Formula discrepancy
------------------------------------------------------------
CIPLA | Mar 2015 | ROE
Calculated : 11.38
Source     : 16.80
Difference : 5.42
Category   : Formula discrepancy
------------------------------------------------------------
CIPLA | Mar 2016 | ROCE
Calculated : 67.76
Source     : 22.80
Difference : 44.96
Category   : Formula discrepancy
------------------------------------------------------------
CIPLA | Mar 2017 | ROCE
Calculated : 71.53
Source     : 22.80
Difference : 48.73
Category   : Formula discrepancy
------------------------------------------------------------
CIPLA | Mar 2017 | ROE
Calculated : 8.25
Source     : 16.80
Difference : 8.55
Category   : Formula discrepancy
------------------------------------------------------------
CIPLA | Mar 2018 | ROCE
Calculated : 67.38
Source     : 22.80
Difference : 44.58
Category   : Formula discrepancy
------------------------------------------------------------
CIPLA | Mar 2018 | ROE
Calculated : 9.96
Source     : 16.80
Difference : 6.84
Category   : Formula discrepancy
------------------------------------------------------------
CIPLA | Mar 2019 | ROCE
Calculated : 68.73
Source     : 22.80
Difference : 45.93
Category   : Formula discrepancy
------------------------------------------------------------
CIPLA | Mar 2019 | ROE
Calculated : 9.94
Source     : 16.80
Difference : 6.86
Category   : Formula discrepancy
------------------------------------------------------------
CIPLA | Mar 2020 | ROCE
Calculated : 75.06
Source     : 22.80
Difference : 52.26
Category   : Formula discrepancy
------------------------------------------------------------
CIPLA | Mar 2020 | ROE
Calculated : 9.52
Source     : 16.80
Difference : 7.28
Category   : Formula discrepancy
------------------------------------------------------------
CIPLA | Mar 2021 | ROCE
Calculated : 73.40
Source     : 22.80
Difference : 50.60
Category   : Formula discrepancy
------------------------------------------------------------
CIPLA | Mar 2022 | ROCE
Calculated : 78.70
Source     : 22.80
Difference : 55.90
Category   : Formula discrepancy
------------------------------------------------------------
CIPLA | Mar 2023 | ROCE
Calculated : 73.31
Source     : 22.80
Difference : 50.51
Category   : Formula discrepancy
------------------------------------------------------------
CIPLA | Mar 2024 | ROCE
Calculated : 71.55
Source     : 22.80
Difference : 48.75
Category   : Formula discrepancy
------------------------------------------------------------
COALINDIA | Mar 2013 | ROCE
Calculated : 100.93
Source     : 63.60
Difference : 37.33
Category   : Formula discrepancy
------------------------------------------------------------
COALINDIA | Mar 2013 | ROE
Calculated : 35.81
Source     : 52.00
Difference : 16.19
Category   : Formula discrepancy
------------------------------------------------------------
COALINDIA | Mar 2014 | ROCE
Calculated : 124.15
Source     : 63.60
Difference : 60.55
Category   : Formula discrepancy
------------------------------------------------------------
COALINDIA | Mar 2014 | ROE
Calculated : 35.64
Source     : 52.00
Difference : 16.36
Category   : Formula discrepancy
------------------------------------------------------------
COALINDIA | Mar 2015 | ROCE
Calculated : 139.35
Source     : 63.60
Difference : 75.75
Category   : Formula discrepancy
------------------------------------------------------------
COALINDIA | Mar 2015 | ROE
Calculated : 34.02
Source     : 52.00
Difference : 17.98
Category   : Formula discrepancy
------------------------------------------------------------
COALINDIA | Mar 2016 | ROCE
Calculated : 164.22
Source     : 63.60
Difference : 100.62
Category   : Formula discrepancy
------------------------------------------------------------
COALINDIA | Mar 2016 | ROE
Calculated : 40.96
Source     : 52.00
Difference : 11.04
Category   : Formula discrepancy
------------------------------------------------------------
COALINDIA | Mar 2017 | ROCE
Calculated : 238.75
Source     : 63.60
Difference : 175.15
Category   : Formula discrepancy
------------------------------------------------------------
COALINDIA | Mar 2017 | ROE
Calculated : 37.85
Source     : 52.00
Difference : 14.15
Category   : Formula discrepancy
------------------------------------------------------------
COALINDIA | Mar 2018 | ROCE
Calculated : 349.82
Source     : 63.60
Difference : 286.22
Category   : Formula discrepancy
------------------------------------------------------------
COALINDIA | Mar 2018 | ROE
Calculated : 34.88
Source     : 52.00
Difference : 17.12
Category   : Formula discrepancy
------------------------------------------------------------
COALINDIA | Mar 2019 | ROCE
Calculated : 260.26
Source     : 63.60
Difference : 196.66
Category   : Formula discrepancy
------------------------------------------------------------
COALINDIA | Mar 2019 | ROE
Calculated : 66.01
Source     : 52.00
Difference : 14.01
Category   : Formula discrepancy
------------------------------------------------------------
COALINDIA | Mar 2020 | ROCE
Calculated : 193.11
Source     : 63.60
Difference : 129.51
Category   : Formula discrepancy
------------------------------------------------------------
COALINDIA | Mar 2021 | ROCE
Calculated : 168.43
Source     : 63.60
Difference : 104.83
Category   : Formula discrepancy
------------------------------------------------------------
COALINDIA | Mar 2021 | ROE
Calculated : 34.78
Source     : 52.00
Difference : 17.22
Category   : Formula discrepancy
------------------------------------------------------------
COALINDIA | Mar 2022 | ROCE
Calculated : 182.22
Source     : 63.60
Difference : 118.62
Category   : Formula discrepancy
------------------------------------------------------------
COALINDIA | Mar 2022 | ROE
Calculated : 40.28
Source     : 52.00
Difference : 11.72
Category   : Formula discrepancy
------------------------------------------------------------
COALINDIA | Mar 2023 | ROCE
Calculated : 144.31
Source     : 63.60
Difference : 80.71
Category   : Formula discrepancy
------------------------------------------------------------
COALINDIA | Mar 2024 | ROCE
Calculated : 105.75
Source     : 63.60
Difference : 42.15
Category   : Formula discrepancy
------------------------------------------------------------
COALINDIA | Mar 2024 | ROE
Calculated : 45.17
Source     : 52.00
Difference : 6.83
Category   : Formula discrepancy
------------------------------------------------------------
DABUR | Mar 2013 | ROCE
Calculated : 33.64
Source     : 22.30
Difference : 11.34
Category   : Formula discrepancy
------------------------------------------------------------
DABUR | Mar 2013 | ROE
Calculated : 36.56
Source     : 19.20
Difference : 17.36
Category   : Formula discrepancy
------------------------------------------------------------
DABUR | Mar 2014 | ROCE
Calculated : 38.29
Source     : 22.30
Difference : 15.99
Category   : Formula discrepancy
------------------------------------------------------------
DABUR | Mar 2014 | ROE
Calculated : 34.49
Source     : 19.20
Difference : 15.29
Category   : Formula discrepancy
------------------------------------------------------------
DABUR | Mar 2015 | ROCE
Calculated : 36.06
Source     : 22.30
Difference : 13.76
Category   : Formula discrepancy
------------------------------------------------------------
DABUR | Mar 2015 | ROE
Calculated : 31.84
Source     : 19.20
Difference : 12.64
Category   : Formula discrepancy
------------------------------------------------------------
DABUR | Mar 2016 | ROCE
Calculated : 34.87
Source     : 22.30
Difference : 12.57
Category   : Formula discrepancy
------------------------------------------------------------
DABUR | Mar 2016 | ROE
Calculated : 30.06
Source     : 19.20
Difference : 10.86
Category   : Formula discrepancy
------------------------------------------------------------
DABUR | Mar 2017 | ROCE
Calculated : 31.05
Source     : 22.30
Difference : 8.75
Category   : Formula discrepancy
------------------------------------------------------------
DABUR | Mar 2017 | ROE
Calculated : 26.41
Source     : 19.20
Difference : 7.21
Category   : Formula discrepancy
------------------------------------------------------------
DABUR | Mar 2018 | ROCE
Calculated : 28.72
Source     : 22.30
Difference : 6.42
Category   : Formula discrepancy
------------------------------------------------------------
DABUR | Mar 2019 | ROCE
Calculated : 30.99
Source     : 22.30
Difference : 8.69
Category   : Formula discrepancy
------------------------------------------------------------
DABUR | Mar 2019 | ROE
Calculated : 25.67
Source     : 19.20
Difference : 6.47
Category   : Formula discrepancy
------------------------------------------------------------
DABUR | Mar 2020 | ROCE
Calculated : 28.02
Source     : 22.30
Difference : 5.72
Category   : Formula discrepancy
------------------------------------------------------------
DABUR | Mar 2021 | ROCE
Calculated : 28.47
Source     : 22.30
Difference : 6.17
Category   : Formula discrepancy
------------------------------------------------------------
DIVISLAB | Mar 2013 | ROCE
Calculated : 33.98
Source     : 16.50
Difference : 17.48
Category   : Formula discrepancy
------------------------------------------------------------
DIVISLAB | Mar 2013 | ROE
Calculated : 24.07
Source     : 12.20
Difference : 11.87
Category   : Formula discrepancy
------------------------------------------------------------
DIVISLAB | Mar 2014 | ROCE
Calculated : 36.42
Source     : 16.50
Difference : 19.92
Category   : Formula discrepancy
------------------------------------------------------------
DIVISLAB | Mar 2014 | ROE
Calculated : 26.08
Source     : 12.20
Difference : 13.88
Category   : Formula discrepancy
------------------------------------------------------------
DIVISLAB | Mar 2015 | ROCE
Calculated : 34.37
Source     : 16.50
Difference : 17.87
Category   : Formula discrepancy
------------------------------------------------------------
DIVISLAB | Mar 2015 | ROE
Calculated : 24.37
Source     : 12.20
Difference : 12.17
Category   : Formula discrepancy
------------------------------------------------------------
DIVISLAB | Mar 2016 | ROCE
Calculated : 34.97
Source     : 16.50
Difference : 18.47
Category   : Formula discrepancy
------------------------------------------------------------
DIVISLAB | Mar 2016 | ROE
Calculated : 26.23
Source     : 12.20
Difference : 14.03
Category   : Formula discrepancy
------------------------------------------------------------
DIVISLAB | Mar 2017 | ROCE
Calculated : 28.22
Source     : 16.50
Difference : 11.72
Category   : Formula discrepancy
------------------------------------------------------------
DIVISLAB | Mar 2017 | ROE
Calculated : 19.79
Source     : 12.20
Difference : 7.59
Category   : Formula discrepancy
------------------------------------------------------------
DIVISLAB | Mar 2018 | ROCE
Calculated : 22.98
Source     : 16.50
Difference : 6.48
Category   : Formula discrepancy
------------------------------------------------------------
DIVISLAB | Mar 2019 | ROCE
Calculated : 28.71
Source     : 16.50
Difference : 12.21
Category   : Formula discrepancy
------------------------------------------------------------
DIVISLAB | Mar 2019 | ROE
Calculated : 19.45
Source     : 12.20
Difference : 7.25
Category   : Formula discrepancy
------------------------------------------------------------
DIVISLAB | Mar 2020 | ROCE
Calculated : 27.38
Source     : 16.50
Difference : 10.88
Category   : Formula discrepancy
------------------------------------------------------------
DIVISLAB | Mar 2020 | ROE
Calculated : 18.84
Source     : 12.20
Difference : 6.64
Category   : Formula discrepancy
------------------------------------------------------------
DIVISLAB | Mar 2021 | ROCE
Calculated : 31.44
Source     : 16.50
Difference : 14.94
Category   : Formula discrepancy
------------------------------------------------------------
DIVISLAB | Mar 2021 | ROE
Calculated : 21.34
Source     : 12.20
Difference : 9.14
Category   : Formula discrepancy
------------------------------------------------------------
DIVISLAB | Mar 2022 | ROCE
Calculated : 34.07
Source     : 16.50
Difference : 17.57
Category   : Formula discrepancy
------------------------------------------------------------
DIVISLAB | Mar 2022 | ROE
Calculated : 25.24
Source     : 12.20
Difference : 13.04
Category   : Formula discrepancy
------------------------------------------------------------
DLF | Mar 2015 | ROE
Calculated : 1.85
Source     : 6.95
Difference : 5.10
Category   : Formula discrepancy
------------------------------------------------------------
DLF | Mar 2016 | ROE
Calculated : 1.27
Source     : 6.95
Difference : 5.68
Category   : Formula discrepancy
------------------------------------------------------------
DLF | Mar 2018 | ROCE
Calculated : 22.92
Source     : 5.74
Difference : 17.18
Category   : Formula discrepancy
------------------------------------------------------------
DLF | Mar 2018 | ROE
Calculated : 12.68
Source     : 6.95
Difference : 5.73
Category   : Formula discrepancy
------------------------------------------------------------
DLF | Mar 2020 | ROE
Calculated : -1.71
Source     : 6.95
Difference : 8.66
Category   : Formula discrepancy
------------------------------------------------------------
DMART | Mar 2016 | ROCE
Calculated : 25.10
Source     : 19.40
Difference : 5.70
Category   : Formula discrepancy
------------------------------------------------------------
DMART | Mar 2016 | ROE
Calculated : 21.04
Source     : 14.50
Difference : 6.54
Category   : Formula discrepancy
------------------------------------------------------------
DMART | Mar 2018 | ROCE
Calculated : 28.21
Source     : 19.40
Difference : 8.81
Category   : Formula discrepancy
------------------------------------------------------------
DMART | Mar 2019 | ROCE
Calculated : 26.74
Source     : 19.40
Difference : 7.34
Category   : Formula discrepancy
------------------------------------------------------------
DMART | Mar 2021 | ROE
Calculated : 9.02
Source     : 14.50
Difference : 5.48
Category   : Formula discrepancy
------------------------------------------------------------
DRREDDY | Mar 2017 | ROCE
Calculated : 15.39
Source     : 26.50
Difference : 11.11
Category   : Formula discrepancy
------------------------------------------------------------
DRREDDY | Mar 2017 | ROE
Calculated : 10.54
Source     : 21.40
Difference : 10.86
Category   : Formula discrepancy
------------------------------------------------------------
DRREDDY | Mar 2018 | ROCE
Calculated : 14.20
Source     : 26.50
Difference : 12.30
Category   : Formula discrepancy
------------------------------------------------------------
DRREDDY | Mar 2018 | ROE
Calculated : 7.53
Source     : 21.40
Difference : 13.87
Category   : Formula discrepancy
------------------------------------------------------------
DRREDDY | Mar 2019 | ROCE
Calculated : 19.92
Source     : 26.50
Difference : 6.58
Category   : Formula discrepancy
------------------------------------------------------------
DRREDDY | Mar 2019 | ROE
Calculated : 13.90
Source     : 21.40
Difference : 7.50
Category   : Formula discrepancy
------------------------------------------------------------
DRREDDY | Mar 2020 | ROCE
Calculated : 17.67
Source     : 26.50
Difference : 8.83
Category   : Formula discrepancy
------------------------------------------------------------
DRREDDY | Mar 2020 | ROE
Calculated : 12.99
Source     : 21.40
Difference : 8.41
Category   : Formula discrepancy
------------------------------------------------------------
DRREDDY | Mar 2021 | ROCE
Calculated : 20.36
Source     : 26.50
Difference : 6.14
Category   : Formula discrepancy
------------------------------------------------------------
DRREDDY | Mar 2021 | ROE
Calculated : 11.07
Source     : 21.40
Difference : 10.33
Category   : Formula discrepancy
------------------------------------------------------------
DRREDDY | Mar 2022 | ROCE
Calculated : 19.13
Source     : 26.50
Difference : 7.37
Category   : Formula discrepancy
------------------------------------------------------------
DRREDDY | Mar 2022 | ROE
Calculated : 11.36
Source     : 21.40
Difference : 10.04
Category   : Formula discrepancy
------------------------------------------------------------
EICHERMOT | Dec 2012 | ROCE
Calculated : 38.58
Source     : 31.10
Difference : 7.48
Category   : Formula discrepancy
------------------------------------------------------------
EICHERMOT | Dec 2013 | ROCE
Calculated : 37.77
Source     : 31.10
Difference : 6.67
Category   : Formula discrepancy
------------------------------------------------------------
EICHERMOT | Dec 2014 | ROCE
Calculated : 47.51
Source     : 31.10
Difference : 16.41
Category   : Formula discrepancy
------------------------------------------------------------
EICHERMOT | Mar 2016 | ROCE
Calculated : 54.84
Source     : 31.10
Difference : 23.74
Category   : Formula discrepancy
------------------------------------------------------------
EICHERMOT | Mar 2016 | ROE
Calculated : 36.63
Source     : 24.20
Difference : 12.43
Category   : Formula discrepancy
------------------------------------------------------------
EICHERMOT | Mar 2017 | ROCE
Calculated : 47.46
Source     : 31.10
Difference : 16.36
Category   : Formula discrepancy
------------------------------------------------------------
EICHERMOT | Mar 2017 | ROE
Calculated : 31.19
Source     : 24.20
Difference : 6.99
Category   : Formula discrepancy
------------------------------------------------------------
EICHERMOT | Mar 2018 | ROCE
Calculated : 46.58
Source     : 31.10
Difference : 15.48
Category   : Formula discrepancy
------------------------------------------------------------
EICHERMOT | Mar 2019 | ROCE
Calculated : 39.59
Source     : 31.10
Difference : 8.49
Category   : Formula discrepancy
------------------------------------------------------------
EICHERMOT | Mar 2020 | ROE
Calculated : 18.30
Source     : 24.20
Difference : 5.90
Category   : Formula discrepancy
------------------------------------------------------------
EICHERMOT | Mar 2021 | ROCE
Calculated : 19.43
Source     : 31.10
Difference : 11.67
Category   : Formula discrepancy
------------------------------------------------------------
EICHERMOT | Mar 2021 | ROE
Calculated : 11.78
Source     : 24.20
Difference : 12.42
Category   : Formula discrepancy
------------------------------------------------------------
EICHERMOT | Mar 2022 | ROCE
Calculated : 21.03
Source     : 31.10
Difference : 10.07
Category   : Formula discrepancy
------------------------------------------------------------
EICHERMOT | Mar 2022 | ROE
Calculated : 13.30
Source     : 24.20
Difference : 10.90
Category   : Formula discrepancy
------------------------------------------------------------
GAIL | Mar 2016 | ROE
Calculated : 5.15
Source     : 14.00
Difference : 8.85
Category   : Formula discrepancy
------------------------------------------------------------
GAIL | Mar 2017 | ROE
Calculated : 8.58
Source     : 14.00
Difference : 5.42
Category   : Formula discrepancy
------------------------------------------------------------
GAIL | Mar 2019 | ROCE
Calculated : 24.17
Source     : 14.70
Difference : 9.47
Category   : Formula discrepancy
------------------------------------------------------------
GAIL | Mar 2020 | ROCE
Calculated : 22.82
Source     : 14.70
Difference : 8.12
Category   : Formula discrepancy
------------------------------------------------------------
GAIL | Mar 2020 | ROE
Calculated : 19.31
Source     : 14.00
Difference : 5.31
Category   : Formula discrepancy
------------------------------------------------------------
GAIL | Mar 2022 | ROCE
Calculated : 24.66
Source     : 14.70
Difference : 9.96
Category   : Formula discrepancy
------------------------------------------------------------
GAIL | Mar 2022 | ROE
Calculated : 19.19
Source     : 14.00
Difference : 5.19
Category   : Formula discrepancy
------------------------------------------------------------
GAIL | Mar 2023 | ROE
Calculated : 8.62
Source     : 14.00
Difference : 5.38
Category   : Formula discrepancy
------------------------------------------------------------
GODREJCP | Mar 2013 | ROCE
Calculated : 20.61
Source     : 26.49
Difference : 5.88
Category   : Formula discrepancy
------------------------------------------------------------
GODREJCP | Mar 2013 | ROE
Calculated : 25.51
Source     : 6.77
Difference : 18.74
Category   : Formula discrepancy
------------------------------------------------------------
GODREJCP | Mar 2014 | ROCE
Calculated : 20.02
Source     : 26.49
Difference : 6.47
Category   : Formula discrepancy
------------------------------------------------------------
GODREJCP | Mar 2014 | ROE
Calculated : 21.70
Source     : 6.77
Difference : 14.93
Category   : Formula discrepancy
------------------------------------------------------------
GODREJCP | Mar 2015 | ROCE
Calculated : 20.66
Source     : 26.49
Difference : 5.83
Category   : Formula discrepancy
------------------------------------------------------------
GODREJCP | Mar 2015 | ROE
Calculated : 22.64
Source     : 6.77
Difference : 15.87
Category   : Formula discrepancy
------------------------------------------------------------
GODREJCP | Mar 2016 | ROCE
Calculated : 19.49
Source     : 26.49
Difference : 7.00
Category   : Formula discrepancy
------------------------------------------------------------
GODREJCP | Mar 2016 | ROE
Calculated : 19.48
Source     : 6.77
Difference : 12.71
Category   : Formula discrepancy
------------------------------------------------------------
GODREJCP | Mar 2017 | ROCE
Calculated : 21.32
Source     : 26.49
Difference : 5.17
Category   : Formula discrepancy
------------------------------------------------------------
GODREJCP | Mar 2017 | ROE
Calculated : 24.67
Source     : 6.77
Difference : 17.90
Category   : Formula discrepancy
------------------------------------------------------------
GODREJCP | Mar 2018 | ROE
Calculated : 26.11
Source     : 6.77
Difference : 19.34
Category   : Formula discrepancy
------------------------------------------------------------
GODREJCP | Mar 2019 | ROE
Calculated : 32.23
Source     : 6.77
Difference : 25.46
Category   : Formula discrepancy
------------------------------------------------------------
GODREJCP | Mar 2020 | ROCE
Calculated : 19.05
Source     : 26.49
Difference : 7.44
Category   : Formula discrepancy
------------------------------------------------------------
GODREJCP | Mar 2020 | ROE
Calculated : 18.95
Source     : 6.77
Difference : 12.18
Category   : Formula discrepancy
------------------------------------------------------------
GODREJCP | Mar 2021 | ROCE
Calculated : 21.43
Source     : 26.49
Difference : 5.06
Category   : Formula discrepancy
------------------------------------------------------------
GODREJCP | Mar 2021 | ROE
Calculated : 18.23
Source     : 6.77
Difference : 11.46
Category   : Formula discrepancy
------------------------------------------------------------
GODREJCP | Mar 2022 | ROCE
Calculated : 18.76
Source     : 26.49
Difference : 7.73
Category   : Formula discrepancy
------------------------------------------------------------
GODREJCP | Mar 2022 | ROE
Calculated : 15.43
Source     : 6.77
Difference : 8.66
Category   : Formula discrepancy
------------------------------------------------------------
GODREJCP | Mar 2023 | ROCE
Calculated : 17.13
Source     : 26.49
Difference : 9.36
Category   : Formula discrepancy
------------------------------------------------------------
GODREJCP | Mar 2023 | ROE
Calculated : 12.34
Source     : 6.77
Difference : 5.57
Category   : Formula discrepancy
------------------------------------------------------------
GODREJCP | Mar 2024 | ROCE
Calculated : 4.73
Source     : 26.49
Difference : 21.76
Category   : Formula discrepancy
------------------------------------------------------------
GODREJCP | Mar 2024 | ROE
Calculated : -4.45
Source     : 6.77
Difference : 11.22
Category   : Formula discrepancy
------------------------------------------------------------
GRASIM | Mar 2013 | ROCE
Calculated : 23.10
Source     : 9.30
Difference : 13.80
Category   : Formula discrepancy
------------------------------------------------------------
GRASIM | Mar 2013 | ROE
Calculated : 19.22
Source     : 6.90
Difference : 12.32
Category   : Formula discrepancy
------------------------------------------------------------
GRASIM | Mar 2014 | ROCE
Calculated : 17.55
Source     : 9.30
Difference : 8.25
Category   : Formula discrepancy
------------------------------------------------------------
GRASIM | Mar 2014 | ROE
Calculated : 13.67
Source     : 6.90
Difference : 6.77
Category   : Formula discrepancy
------------------------------------------------------------
GRASIM | Mar 2015 | ROCE
Calculated : 16.18
Source     : 9.30
Difference : 6.88
Category   : Formula discrepancy
------------------------------------------------------------
GRASIM | Mar 2016 | ROCE
Calculated : 18.11
Source     : 9.30
Difference : 8.81
Category   : Formula discrepancy
------------------------------------------------------------
GRASIM | Mar 2016 | ROE
Calculated : 12.60
Source     : 6.90
Difference : 5.70
Category   : Formula discrepancy
------------------------------------------------------------
GRASIM | Mar 2017 | ROCE
Calculated : 20.84
Source     : 9.30
Difference : 11.54
Category   : Formula discrepancy
------------------------------------------------------------
GRASIM | Mar 2017 | ROE
Calculated : 13.53
Source     : 6.90
Difference : 6.63
Category   : Formula discrepancy
------------------------------------------------------------
GRASIM | Mar 2022 | ROCE
Calculated : 14.68
Source     : 9.30
Difference : 5.38
Category   : Formula discrepancy
------------------------------------------------------------
GRASIM | Mar 2022 | ROE
Calculated : 14.80
Source     : 6.90
Difference : 7.90
Category   : Formula discrepancy
------------------------------------------------------------
GRASIM | Mar 2023 | ROE
Calculated : 14.07
Source     : 6.90
Difference : 7.17
Category   : Formula discrepancy
------------------------------------------------------------
HAL | Mar 2016 | ROCE
Calculated : 2953.62
Source     : 38.90
Difference : 2914.72
Category   : Formula discrepancy
------------------------------------------------------------
HAL | Mar 2016 | ROE
Calculated : 1665.00
Source     : 28.90
Difference : 1636.10
Category   : Formula discrepancy
------------------------------------------------------------
HAL | Mar 2017 | ROCE
Calculated : 3170.37
Source     : 38.90
Difference : 3131.47
Category   : Formula discrepancy
------------------------------------------------------------
HAL | Mar 2017 | ROE
Calculated : 1966.92
Source     : 28.90
Difference : 1938.02
Category   : Formula discrepancy
------------------------------------------------------------
HAL | Mar 2018 | ROCE
Calculated : 3173.68
Source     : 38.90
Difference : 3134.78
Category   : Formula discrepancy
------------------------------------------------------------
HAL | Mar 2018 | ROE
Calculated : 1528.46
Source     : 28.90
Difference : 1499.56
Category   : Formula discrepancy
------------------------------------------------------------
HAL | Mar 2019 | ROCE
Calculated : 3507.09
Source     : 38.90
Difference : 3468.19
Category   : Formula discrepancy
------------------------------------------------------------
HAL | Mar 2019 | ROE
Calculated : 1763.91
Source     : 28.90
Difference : 1735.01
Category   : Formula discrepancy
------------------------------------------------------------
HAL | Mar 2020 | ROCE
Calculated : 3782.14
Source     : 38.90
Difference : 3743.24
Category   : Formula discrepancy
------------------------------------------------------------
HAL | Mar 2020 | ROE
Calculated : 2059.42
Source     : 28.90
Difference : 2030.52
Category   : Formula discrepancy
------------------------------------------------------------
HAL | Mar 2021 | ROCE
Calculated : 3800.67
Source     : 38.90
Difference : 3761.77
Category   : Formula discrepancy
------------------------------------------------------------
HAL | Mar 2021 | ROE
Calculated : 2249.31
Source     : 28.90
Difference : 2220.41
Category   : Formula discrepancy
------------------------------------------------------------
HAL | Mar 2022 | ROCE
Calculated : 3882.42
Source     : 38.90
Difference : 3843.52
Category   : Formula discrepancy
------------------------------------------------------------
HAL | Mar 2022 | ROE
Calculated : 3324.18
Source     : 28.90
Difference : 3295.28
Category   : Formula discrepancy
------------------------------------------------------------
HAL | Mar 2023 | ROCE
Calculated : 3723.66
Source     : 38.90
Difference : 3684.76
Category   : Formula discrepancy
------------------------------------------------------------
HAL | Mar 2023 | ROE
Calculated : 3283.05
Source     : 28.90
Difference : 3254.15
Category   : Formula discrepancy
------------------------------------------------------------
HAL | Mar 2024 | ROCE
Calculated : 3617.39
Source     : 38.90
Difference : 3578.49
Category   : Formula discrepancy
------------------------------------------------------------
HAL | Mar 2024 | ROE
Calculated : 3816.58
Source     : 28.90
Difference : 3787.68
Category   : Formula discrepancy
------------------------------------------------------------
HAVELLS | Mar 2013 | ROCE
Calculated : 36.96
Source     : 24.40
Difference : 12.56
Category   : Formula discrepancy
------------------------------------------------------------
HAVELLS | Mar 2013 | ROE
Calculated : 40.29
Source     : 18.00
Difference : 22.29
Category   : Formula discrepancy
------------------------------------------------------------
HAVELLS | Mar 2014 | ROCE
Calculated : 29.85
Source     : 24.40
Difference : 5.45
Category   : Formula discrepancy
------------------------------------------------------------
HAVELLS | Mar 2014 | ROE
Calculated : 26.77
Source     : 18.00
Difference : 8.77
Category   : Formula discrepancy
------------------------------------------------------------
HAVELLS | Mar 2015 | ROCE
Calculated : 35.82
Source     : 24.40
Difference : 11.42
Category   : Formula discrepancy
------------------------------------------------------------
HAVELLS | Mar 2016 | ROCE
Calculated : 55.20
Source     : 24.40
Difference : 30.80
Category   : Formula discrepancy
------------------------------------------------------------
HAVELLS | Mar 2016 | ROE
Calculated : 42.95
Source     : 18.00
Difference : 24.95
Category   : Formula discrepancy
------------------------------------------------------------
HAVELLS | Mar 2019 | ROCE
Calculated : 30.59
Source     : 24.40
Difference : 6.19
Category   : Formula discrepancy
------------------------------------------------------------
HAVELLS | Mar 2021 | ROCE
Calculated : 31.17
Source     : 24.40
Difference : 6.77
Category   : Formula discrepancy
------------------------------------------------------------
HCLTECH | Jun 2013 | ROCE
Calculated : 42.31
Source     : 29.60
Difference : 12.71
Category   : Formula discrepancy
------------------------------------------------------------
HCLTECH | Jun 2013 | ROE
Calculated : 30.69
Source     : 23.30
Difference : 7.39
Category   : Formula discrepancy
------------------------------------------------------------
HCLTECH | Jun 2014 | ROCE
Calculated : 42.36
Source     : 29.60
Difference : 12.76
Category   : Formula discrepancy
------------------------------------------------------------
HCLTECH | Jun 2014 | ROE
Calculated : 33.39
Source     : 23.30
Difference : 10.09
Category   : Formula discrepancy
------------------------------------------------------------
HCLTECH | Jun 2015 | ROCE
Calculated : 38.65
Source     : 29.60
Difference : 9.05
Category   : Formula discrepancy
------------------------------------------------------------
HCLTECH | Jun 2015 | ROE
Calculated : 30.31
Source     : 23.30
Difference : 7.01
Category   : Formula discrepancy
------------------------------------------------------------
HCLTECH | Mar 2024 | ROCE
Calculated : 34.71
Source     : 29.60
Difference : 5.11
Category   : Formula discrepancy
------------------------------------------------------------
HDFCBANK | Mar 2023 | ROCE
Calculated : 2.60
Source     : 7.67
Difference : 5.07
Category   : Formula discrepancy
------------------------------------------------------------
HDFCLIFE | Mar 2013 | ROCE
Calculated : 1012.64
Source     : 6.61
Difference : 1006.03
Category   : Formula discrepancy
------------------------------------------------------------
HDFCLIFE | Mar 2013 | ROE
Calculated : 33.43
Source     : 11.40
Difference : 22.03
Category   : Formula discrepancy
------------------------------------------------------------
HDFCLIFE | Mar 2014 | ROCE
Calculated : 859.18
Source     : 6.61
Difference : 852.57
Category   : Formula discrepancy
------------------------------------------------------------
HDFCLIFE | Mar 2014 | ROE
Calculated : 37.60
Source     : 11.40
Difference : 26.20
Category   : Formula discrepancy
------------------------------------------------------------
HDFCLIFE | Mar 2015 | ROCE
Calculated : 1036.76
Source     : 6.61
Difference : 1030.15
Category   : Formula discrepancy
------------------------------------------------------------
HDFCLIFE | Mar 2015 | ROE
Calculated : 30.93
Source     : 11.40
Difference : 19.53
Category   : Formula discrepancy
------------------------------------------------------------
HDFCLIFE | Mar 2016 | ROCE
Calculated : 554.04
Source     : 6.61
Difference : 547.43
Category   : Formula discrepancy
------------------------------------------------------------
HDFCLIFE | Mar 2016 | ROE
Calculated : 26.33
Source     : 11.40
Difference : 14.93
Category   : Formula discrepancy
------------------------------------------------------------
HDFCLIFE | Mar 2017 | ROCE
Calculated : 775.67
Source     : 6.61
Difference : 769.06
Category   : Formula discrepancy
------------------------------------------------------------
HDFCLIFE | Mar 2017 | ROE
Calculated : 23.18
Source     : 11.40
Difference : 11.78
Category   : Formula discrepancy
------------------------------------------------------------
HDFCLIFE | Mar 2018 | ROCE
Calculated : 662.89
Source     : 6.61
Difference : 656.28
Category   : Formula discrepancy
------------------------------------------------------------
HDFCLIFE | Mar 2018 | ROE
Calculated : 23.53
Source     : 11.40
Difference : 12.13
Category   : Formula discrepancy
------------------------------------------------------------
HDFCLIFE | Mar 2019 | ROCE
Calculated : 667.19
Source     : 6.61
Difference : 660.58
Category   : Formula discrepancy
------------------------------------------------------------
HDFCLIFE | Mar 2019 | ROE
Calculated : 22.65
Source     : 11.40
Difference : 11.25
Category   : Formula discrepancy
------------------------------------------------------------
HDFCLIFE | Mar 2020 | ROCE
Calculated : 414.91
Source     : 6.61
Difference : 408.30
Category   : Formula discrepancy
------------------------------------------------------------
HDFCLIFE | Mar 2020 | ROE
Calculated : 19.05
Source     : 11.40
Difference : 7.65
Category   : Formula discrepancy
------------------------------------------------------------
HDFCLIFE | Mar 2021 | ROCE
Calculated : 760.78
Source     : 6.61
Difference : 754.17
Category   : Formula discrepancy
------------------------------------------------------------
HDFCLIFE | Mar 2022 | ROCE
Calculated : 409.21
Source     : 6.61
Difference : 402.60
Category   : Formula discrepancy
------------------------------------------------------------
HDFCLIFE | Mar 2023 | ROCE
Calculated : 502.95
Source     : 6.61
Difference : 496.34
Category   : Formula discrepancy
------------------------------------------------------------
HDFCLIFE | Mar 2024 | ROCE
Calculated : 646.47
Source     : 6.61
Difference : 639.86
Category   : Formula discrepancy
------------------------------------------------------------
HEROMOTOCO | Mar 2014 | ROCE
Calculated : 367.97
Source     : 29.10
Difference : 338.87
Category   : Formula discrepancy
------------------------------------------------------------
HEROMOTOCO | Mar 2014 | ROE
Calculated : 37.38
Source     : 22.00
Difference : 15.38
Category   : Formula discrepancy
------------------------------------------------------------
HEROMOTOCO | Mar 2015 | ROCE
Calculated : 361.91
Source     : 29.10
Difference : 332.81
Category   : Formula discrepancy
------------------------------------------------------------
HEROMOTOCO | Mar 2015 | ROE
Calculated : 36.15
Source     : 22.00
Difference : 14.15
Category   : Formula discrepancy
------------------------------------------------------------
HEROMOTOCO | Mar 2016 | ROCE
Calculated : 265.27
Source     : 29.10
Difference : 236.17
Category   : Formula discrepancy
------------------------------------------------------------
HEROMOTOCO | Mar 2016 | ROE
Calculated : 35.23
Source     : 22.00
Difference : 13.23
Category   : Formula discrepancy
------------------------------------------------------------
HEROMOTOCO | Mar 2017 | ROCE
Calculated : 227.30
Source     : 29.10
Difference : 198.20
Category   : Formula discrepancy
------------------------------------------------------------
HEROMOTOCO | Mar 2017 | ROE
Calculated : 34.37
Source     : 22.00
Difference : 12.37
Category   : Formula discrepancy
------------------------------------------------------------
HEROMOTOCO | Mar 2018 | ROCE
Calculated : 222.46
Source     : 29.10
Difference : 193.36
Category   : Formula discrepancy
------------------------------------------------------------
HEROMOTOCO | Mar 2018 | ROE
Calculated : 31.09
Source     : 22.00
Difference : 9.09
Category   : Formula discrepancy
------------------------------------------------------------
HEROMOTOCO | Mar 2019 | ROCE
Calculated : 215.61
Source     : 29.10
Difference : 186.51
Category   : Formula discrepancy
------------------------------------------------------------
HEROMOTOCO | Mar 2020 | ROCE
Calculated : 169.58
Source     : 29.10
Difference : 140.48
Category   : Formula discrepancy
------------------------------------------------------------
HEROMOTOCO | Mar 2021 | ROCE
Calculated : 168.22
Source     : 29.10
Difference : 139.12
Category   : Formula discrepancy
------------------------------------------------------------
HEROMOTOCO | Mar 2022 | ROCE
Calculated : 159.90
Source     : 29.10
Difference : 130.80
Category   : Formula discrepancy
------------------------------------------------------------
HEROMOTOCO | Mar 2022 | ROE
Calculated : 14.70
Source     : 22.00
Difference : 7.30
Category   : Formula discrepancy
------------------------------------------------------------
HEROMOTOCO | Mar 2023 | ROCE
Calculated : 174.59
Source     : 29.10
Difference : 145.49
Category   : Formula discrepancy
------------------------------------------------------------
HEROMOTOCO | Mar 2023 | ROE
Calculated : 16.81
Source     : 22.00
Difference : 5.19
Category   : Formula discrepancy
------------------------------------------------------------
HEROMOTOCO | Mar 2024 | ROCE
Calculated : 177.92
Source     : 29.10
Difference : 148.82
Category   : Formula discrepancy
------------------------------------------------------------
HINDALCO | Mar 2013 | ROCE
Calculated : 78.57
Source     : 11.30
Difference : 67.27
Category   : Formula discrepancy
------------------------------------------------------------
HINDALCO | Mar 2014 | ROCE
Calculated : 75.63
Source     : 11.30
Difference : 64.33
Category   : Formula discrepancy
------------------------------------------------------------
HINDALCO | Mar 2015 | ROCE
Calculated : 89.37
Source     : 11.30
Difference : 78.07
Category   : Formula discrepancy
------------------------------------------------------------
HINDALCO | Mar 2015 | ROE
Calculated : 0.68
Source     : 10.20
Difference : 9.52
Category   : Formula discrepancy
------------------------------------------------------------
HINDALCO | Mar 2016 | ROCE
Calculated : 84.12
Source     : 11.30
Difference : 72.82
Category   : Formula discrepancy
------------------------------------------------------------
HINDALCO | Mar 2016 | ROE
Calculated : -1.73
Source     : 10.20
Difference : 11.93
Category   : Formula discrepancy
------------------------------------------------------------
HINDALCO | Mar 2017 | ROCE
Calculated : 79.98
Source     : 11.30
Difference : 68.68
Category   : Formula discrepancy
------------------------------------------------------------
HINDALCO | Mar 2017 | ROE
Calculated : 4.09
Source     : 10.20
Difference : 6.11
Category   : Formula discrepancy
------------------------------------------------------------
HINDALCO | Mar 2018 | ROCE
Calculated : 94.93
Source     : 11.30
Difference : 83.63
Category   : Formula discrepancy
------------------------------------------------------------
HINDALCO | Mar 2019 | ROCE
Calculated : 104.66
Source     : 11.30
Difference : 93.36
Category   : Formula discrepancy
------------------------------------------------------------
HINDALCO | Mar 2020 | ROCE
Calculated : 81.95
Source     : 11.30
Difference : 70.65
Category   : Formula discrepancy
------------------------------------------------------------
HINDALCO | Mar 2021 | ROCE
Calculated : 85.59
Source     : 11.30
Difference : 74.29
Category   : Formula discrepancy
------------------------------------------------------------
HINDALCO | Mar 2022 | ROCE
Calculated : 116.86
Source     : 11.30
Difference : 105.56
Category   : Formula discrepancy
------------------------------------------------------------
HINDALCO | Mar 2022 | ROE
Calculated : 17.56
Source     : 10.20
Difference : 7.36
Category   : Formula discrepancy
------------------------------------------------------------
HINDALCO | Mar 2023 | ROCE
Calculated : 129.30
Source     : 11.30
Difference : 118.00
Category   : Formula discrepancy
------------------------------------------------------------
HINDALCO | Mar 2024 | ROCE
Calculated : 118.21
Source     : 11.30
Difference : 106.91
Category   : Formula discrepancy
------------------------------------------------------------
HINDUNILVR | Mar 2013 | ROCE
Calculated : 788.93
Source     : 27.20
Difference : 761.73
Category   : Formula discrepancy
------------------------------------------------------------
HINDUNILVR | Mar 2013 | ROE
Calculated : 134.00
Source     : 20.20
Difference : 113.80
Category   : Formula discrepancy
------------------------------------------------------------
HINDUNILVR | Mar 2014 | ROCE
Calculated : 683.53
Source     : 27.20
Difference : 656.33
Category   : Formula discrepancy
------------------------------------------------------------
HINDUNILVR | Mar 2014 | ROE
Calculated : 111.85
Source     : 20.20
Difference : 91.65
Category   : Formula discrepancy
------------------------------------------------------------
HINDUNILVR | Mar 2015 | ROCE
Calculated : 653.00
Source     : 27.20
Difference : 625.80
Category   : Formula discrepancy
------------------------------------------------------------
HINDUNILVR | Mar 2015 | ROE
Calculated : 108.67
Source     : 20.20
Difference : 88.47
Category   : Formula discrepancy
------------------------------------------------------------
HINDUNILVR | Mar 2016 | ROCE
Calculated : 389.54
Source     : 27.20
Difference : 362.34
Category   : Formula discrepancy
------------------------------------------------------------
HINDUNILVR | Mar 2016 | ROE
Calculated : 63.15
Source     : 20.20
Difference : 42.95
Category   : Formula discrepancy
------------------------------------------------------------
HINDUNILVR | Mar 2017 | ROCE
Calculated : 382.47
Source     : 27.20
Difference : 355.27
Category   : Formula discrepancy
------------------------------------------------------------
HINDUNILVR | Mar 2017 | ROE
Calculated : 66.58
Source     : 20.20
Difference : 46.38
Category   : Formula discrepancy
------------------------------------------------------------
HINDUNILVR | Mar 2018 | ROCE
Calculated : 385.48
Source     : 27.20
Difference : 358.28
Category   : Formula discrepancy
------------------------------------------------------------
HINDUNILVR | Mar 2018 | ROE
Calculated : 71.79
Source     : 20.20
Difference : 51.59
Category   : Formula discrepancy
------------------------------------------------------------
HINDUNILVR | Mar 2019 | ROCE
Calculated : 382.29
Source     : 27.20
Difference : 355.09
Category   : Formula discrepancy
------------------------------------------------------------
HINDUNILVR | Mar 2019 | ROE
Calculated : 77.03
Source     : 20.20
Difference : 56.83
Category   : Formula discrepancy
------------------------------------------------------------
HINDUNILVR | Mar 2020 | ROCE
Calculated : 363.92
Source     : 27.20
Difference : 336.72
Category   : Formula discrepancy
------------------------------------------------------------
HINDUNILVR | Mar 2020 | ROE
Calculated : 82.10
Source     : 20.20
Difference : 61.90
Category   : Formula discrepancy
------------------------------------------------------------
HINDUNILVR | Mar 2021 | ROCE
Calculated : 74.31
Source     : 27.20
Difference : 47.11
Category   : Formula discrepancy
------------------------------------------------------------
HINDUNILVR | Mar 2022 | ROCE
Calculated : 79.06
Source     : 27.20
Difference : 51.86
Category   : Formula discrepancy
------------------------------------------------------------
HINDUNILVR | Mar 2023 | ROCE
Calculated : 90.17
Source     : 27.20
Difference : 62.97
Category   : Formula discrepancy
------------------------------------------------------------
HINDUNILVR | Mar 2024 | ROCE
Calculated : 89.68
Source     : 27.20
Difference : 62.48
Category   : Formula discrepancy
------------------------------------------------------------
ICICIBANK | Mar 2016 | ROE
Calculated : 11.61
Source     : 18.80
Difference : 7.19
Category   : Formula discrepancy
------------------------------------------------------------
ICICIBANK | Mar 2017 | ROE
Calculated : 10.84
Source     : 18.80
Difference : 7.96
Category   : Formula discrepancy
------------------------------------------------------------
ICICIBANK | Mar 2018 | ROE
Calculated : 8.23
Source     : 18.80
Difference : 10.57
Category   : Formula discrepancy
------------------------------------------------------------
ICICIBANK | Mar 2019 | ROE
Calculated : 4.98
Source     : 18.80
Difference : 13.82
Category   : Formula discrepancy
------------------------------------------------------------
ICICIBANK | Mar 2020 | ROE
Calculated : 9.13
Source     : 18.80
Difference : 9.67
Category   : Formula discrepancy
------------------------------------------------------------
ICICIBANK | Mar 2021 | ROE
Calculated : 12.92
Source     : 18.80
Difference : 5.88
Category   : Formula discrepancy
------------------------------------------------------------
ICICIGI | Mar 2013 | ROCE
Calculated : 223.90
Source     : 22.50
Difference : 201.40
Category   : Formula discrepancy
------------------------------------------------------------
ICICIGI | Mar 2014 | ROCE
Calculated : 191.02
Source     : 22.50
Difference : 168.52
Category   : Formula discrepancy
------------------------------------------------------------
ICICIGI | Mar 2015 | ROCE
Calculated : 154.23
Source     : 22.50
Difference : 131.73
Category   : Formula discrepancy
------------------------------------------------------------
ICICIGI | Mar 2016 | ROCE
Calculated : 163.18
Source     : 22.50
Difference : 140.68
Category   : Formula discrepancy
------------------------------------------------------------
ICICIGI | Mar 2017 | ROCE
Calculated : 150.78
Source     : 22.50
Difference : 128.28
Category   : Formula discrepancy
------------------------------------------------------------
ICICIGI | Mar 2018 | ROCE
Calculated : 142.66
Source     : 22.50
Difference : 120.16
Category   : Formula discrepancy
------------------------------------------------------------
ICICIGI | Mar 2019 | ROCE
Calculated : 161.58
Source     : 22.50
Difference : 139.08
Category   : Formula discrepancy
------------------------------------------------------------
ICICIGI | Mar 2020 | ROCE
Calculated : 147.45
Source     : 22.50
Difference : 124.95
Category   : Formula discrepancy
------------------------------------------------------------
ICICIGI | Mar 2021 | ROCE
Calculated : 125.02
Source     : 22.50
Difference : 102.52
Category   : Formula discrepancy
------------------------------------------------------------
ICICIGI | Mar 2022 | ROCE
Calculated : 158.93
Source     : 22.50
Difference : 136.43
Category   : Formula discrepancy
------------------------------------------------------------
ICICIGI | Mar 2023 | ROCE
Calculated : 158.59
Source     : 22.50
Difference : 136.09
Category   : Formula discrepancy
------------------------------------------------------------
ICICIGI | Mar 2024 | ROCE
Calculated : 146.43
Source     : 22.50
Difference : 123.93
Category   : Formula discrepancy
------------------------------------------------------------
ICICIPRULI | Mar 2013 | ROCE
Calculated : 486.85
Source     : 8.75
Difference : 478.10
Category   : Formula discrepancy
------------------------------------------------------------
ICICIPRULI | Mar 2013 | ROE
Calculated : 38.25
Source     : 8.07
Difference : 30.18
Category   : Formula discrepancy
------------------------------------------------------------
ICICIPRULI | Mar 2014 | ROCE
Calculated : 465.23
Source     : 8.75
Difference : 456.48
Category   : Formula discrepancy
------------------------------------------------------------
ICICIPRULI | Mar 2014 | ROE
Calculated : 35.61
Source     : 8.07
Difference : 27.54
Category   : Formula discrepancy
------------------------------------------------------------
ICICIPRULI | Mar 2015 | ROCE
Calculated : 623.04
Source     : 8.75
Difference : 614.29
Category   : Formula discrepancy
------------------------------------------------------------
ICICIPRULI | Mar 2015 | ROE
Calculated : 31.15
Source     : 8.07
Difference : 23.08
Category   : Formula discrepancy
------------------------------------------------------------
ICICIPRULI | Mar 2016 | ROCE
Calculated : 299.39
Source     : 8.75
Difference : 290.64
Category   : Formula discrepancy
------------------------------------------------------------
ICICIPRULI | Mar 2016 | ROE
Calculated : 31.00
Source     : 8.07
Difference : 22.93
Category   : Formula discrepancy
------------------------------------------------------------
ICICIPRULI | Mar 2017 | ROCE
Calculated : 562.21
Source     : 8.75
Difference : 553.46
Category   : Formula discrepancy
------------------------------------------------------------
ICICIPRULI | Mar 2017 | ROE
Calculated : 26.26
Source     : 8.07
Difference : 18.19
Category   : Formula discrepancy
------------------------------------------------------------
ICICIPRULI | Mar 2018 | ROCE
Calculated : 563.84
Source     : 8.75
Difference : 555.09
Category   : Formula discrepancy
------------------------------------------------------------
ICICIPRULI | Mar 2018 | ROE
Calculated : 24.63
Source     : 8.07
Difference : 16.56
Category   : Formula discrepancy
------------------------------------------------------------
ICICIPRULI | Mar 2019 | ROCE
Calculated : 595.59
Source     : 8.75
Difference : 586.84
Category   : Formula discrepancy
------------------------------------------------------------
ICICIPRULI | Mar 2019 | ROE
Calculated : 16.58
Source     : 8.07
Difference : 8.51
Category   : Formula discrepancy
------------------------------------------------------------
ICICIPRULI | Mar 2020 | ROCE
Calculated : 295.88
Source     : 8.75
Difference : 287.13
Category   : Formula discrepancy
------------------------------------------------------------
ICICIPRULI | Mar 2020 | ROE
Calculated : 14.79
Source     : 8.07
Difference : 6.72
Category   : Formula discrepancy
------------------------------------------------------------
ICICIPRULI | Mar 2021 | ROCE
Calculated : 810.67
Source     : 8.75
Difference : 801.92
Category   : Formula discrepancy
------------------------------------------------------------
ICICIPRULI | Mar 2022 | ROCE
Calculated : 634.53
Source     : 8.75
Difference : 625.78
Category   : Formula discrepancy
------------------------------------------------------------
ICICIPRULI | Mar 2023 | ROCE
Calculated : 462.64
Source     : 8.75
Difference : 453.89
Category   : Formula discrepancy
------------------------------------------------------------
ICICIPRULI | Mar 2024 | ROCE
Calculated : 754.89
Source     : 8.75
Difference : 746.14
Category   : Formula discrepancy
------------------------------------------------------------
INDIGO | Mar 2013 | ROCE
Calculated : 54266.23
Source     : 24.50
Difference : 54241.73
Category   : Formula discrepancy
------------------------------------------------------------
INDIGO | Mar 2014 | ROCE
Calculated : 58086.96
Source     : 24.50
Difference : 58062.46
Category   : Formula discrepancy
------------------------------------------------------------
INDIGO | Mar 2015 | ROCE
Calculated : 39592.11
Source     : 24.50
Difference : 39567.61
Category   : Formula discrepancy
------------------------------------------------------------
INDIGO | Mar 2016 | ROCE
Calculated : 9458.52
Source     : 24.50
Difference : 9434.02
Category   : Formula discrepancy
------------------------------------------------------------
INDIGO | Mar 2017 | ROCE
Calculated : 10916.00
Source     : 24.50
Difference : 10891.50
Category   : Formula discrepancy
------------------------------------------------------------
INDIGO | Mar 2018 | ROCE
Calculated : 12989.61
Source     : 24.50
Difference : 12965.11
Category   : Formula discrepancy
------------------------------------------------------------
INDIGO | Mar 2019 | ROCE
Calculated : 13201.38
Source     : 24.50
Difference : 13176.88
Category   : Formula discrepancy
------------------------------------------------------------
INDIGO | Mar 2020 | ROCE
Calculated : 12479.53
Source     : 24.50
Difference : 12455.03
Category   : Formula discrepancy
------------------------------------------------------------
INDIGO | Mar 2021 | ROCE
Calculated : 2554.62
Source     : 24.50
Difference : 2530.12
Category   : Formula discrepancy
------------------------------------------------------------
INDIGO | Mar 2022 | ROCE
Calculated : 3833.08
Source     : 24.50
Difference : 3808.58
Category   : Formula discrepancy
------------------------------------------------------------
INDIGO | Mar 2023 | ROCE
Calculated : 6075.79
Source     : 24.50
Difference : 6051.29
Category   : Formula discrepancy
------------------------------------------------------------
INDIGO | Mar 2024 | ROCE
Calculated : 5643.45
Source     : 24.50
Difference : 5618.95
Category   : Formula discrepancy
------------------------------------------------------------
INDUSINDBK | Mar 2013 | ROCE
Calculated : 2.74
Source     : 7.93
Difference : 5.19
Category   : Formula discrepancy
------------------------------------------------------------
INDUSINDBK | Mar 2021 | ROE
Calculated : 6.54
Source     : 15.20
Difference : 8.66
Category   : Formula discrepancy
------------------------------------------------------------
INDUSINDBK | Mar 2022 | ROE
Calculated : 9.67
Source     : 15.20
Difference : 5.53
Category   : Formula discrepancy
------------------------------------------------------------
INFY | Mar 2013 | ROE
Calculated : 24.82
Source     : 31.80
Difference : 6.98
Category   : Formula discrepancy
------------------------------------------------------------
INFY | Mar 2014 | ROE
Calculated : 23.93
Source     : 31.80
Difference : 7.87
Category   : Formula discrepancy
------------------------------------------------------------
INFY | Mar 2015 | ROE
Calculated : 24.39
Source     : 31.80
Difference : 7.41
Category   : Formula discrepancy
------------------------------------------------------------
INFY | Mar 2016 | ROCE
Calculated : 32.71
Source     : 40.00
Difference : 7.29
Category   : Formula discrepancy
------------------------------------------------------------
INFY | Mar 2016 | ROE
Calculated : 21.85
Source     : 31.80
Difference : 9.95
Category   : Formula discrepancy
------------------------------------------------------------
INFY | Mar 2017 | ROCE
Calculated : 31.39
Source     : 40.00
Difference : 8.61
Category   : Formula discrepancy
------------------------------------------------------------
INFY | Mar 2017 | ROE
Calculated : 20.81
Source     : 31.80
Difference : 10.99
Category   : Formula discrepancy
------------------------------------------------------------
INFY | Mar 2018 | ROCE
Calculated : 34.09
Source     : 40.00
Difference : 5.91
Category   : Formula discrepancy
------------------------------------------------------------
INFY | Mar 2018 | ROE
Calculated : 24.69
Source     : 31.80
Difference : 7.11
Category   : Formula discrepancy
------------------------------------------------------------
INFY | Mar 2019 | ROE
Calculated : 23.73
Source     : 31.80
Difference : 8.07
Category   : Formula discrepancy
------------------------------------------------------------
INFY | Mar 2020 | ROE
Calculated : 25.42
Source     : 31.80
Difference : 6.38
Category   : Formula discrepancy
------------------------------------------------------------
INFY | Mar 2021 | ROE
Calculated : 25.44
Source     : 31.80
Difference : 6.36
Category   : Formula discrepancy
------------------------------------------------------------
INFY | Mar 2023 | ROCE
Calculated : 45.20
Source     : 40.00
Difference : 5.20
Category   : Formula discrepancy
------------------------------------------------------------
IOC | Mar 2013 | ROCE
Calculated : 11.37
Source     : 21.31
Difference : 9.94
Category   : Formula discrepancy
------------------------------------------------------------
IOC | Mar 2013 | ROE
Calculated : 5.75
Source     : 25.44
Difference : 19.69
Category   : Formula discrepancy
------------------------------------------------------------
IOC | Mar 2014 | ROCE
Calculated : 13.69
Source     : 21.31
Difference : 7.62
Category   : Formula discrepancy
------------------------------------------------------------
IOC | Mar 2014 | ROE
Calculated : 10.26
Source     : 25.44
Difference : 15.18
Category   : Formula discrepancy
------------------------------------------------------------
IOC | Mar 2015 | ROCE
Calculated : 12.29
Source     : 21.31
Difference : 9.02
Category   : Formula discrepancy
------------------------------------------------------------
IOC | Mar 2015 | ROE
Calculated : 7.08
Source     : 25.44
Difference : 18.36
Category   : Formula discrepancy
------------------------------------------------------------
IOC | Mar 2016 | ROE
Calculated : 13.80
Source     : 25.44
Difference : 11.64
Category   : Formula discrepancy
------------------------------------------------------------
IOC | Mar 2017 | ROE
Calculated : 19.97
Source     : 25.44
Difference : 5.47
Category   : Formula discrepancy
------------------------------------------------------------
IOC | Mar 2018 | ROE
Calculated : 19.87
Source     : 25.44
Difference : 5.57
Category   : Formula discrepancy
------------------------------------------------------------
IOC | Mar 2019 | ROE
Calculated : 15.36
Source     : 25.44
Difference : 10.08
Category   : Formula discrepancy
------------------------------------------------------------
IOC | Mar 2020 | ROCE
Calculated : 3.95
Source     : 21.31
Difference : 17.36
Category   : Formula discrepancy
------------------------------------------------------------
IOC | Mar 2020 | ROE
Calculated : -1.97
Source     : 25.44
Difference : 27.41
Category   : Formula discrepancy
------------------------------------------------------------
IOC | Mar 2021 | ROE
Calculated : 19.46
Source     : 25.44
Difference : 5.98
Category   : Formula discrepancy
------------------------------------------------------------
IOC | Mar 2022 | ROE
Calculated : 19.27
Source     : 25.44
Difference : 6.17
Category   : Formula discrepancy
------------------------------------------------------------
IOC | Mar 2023 | ROCE
Calculated : 12.40
Source     : 21.31
Difference : 8.91
Category   : Formula discrepancy
------------------------------------------------------------
IOC | Mar 2023 | ROE
Calculated : 8.38
Source     : 25.44
Difference : 17.06
Category   : Formula discrepancy
------------------------------------------------------------
IRCTC | Mar 2015 | ROE
Calculated : 29.50
Source     : 40.40
Difference : 10.90
Category   : Formula discrepancy
------------------------------------------------------------
IRCTC | Mar 2016 | ROCE
Calculated : 60.70
Source     : 53.80
Difference : 6.90
Category   : Formula discrepancy
------------------------------------------------------------
IRCTC | Mar 2016 | ROE
Calculated : 34.87
Source     : 40.40
Difference : 5.53
Category   : Formula discrepancy
------------------------------------------------------------
IRCTC | Mar 2017 | ROCE
Calculated : 48.41
Source     : 53.80
Difference : 5.39
Category   : Formula discrepancy
------------------------------------------------------------
IRCTC | Mar 2017 | ROE
Calculated : 29.10
Source     : 40.40
Difference : 11.30
Category   : Formula discrepancy
------------------------------------------------------------
IRCTC | Mar 2018 | ROCE
Calculated : 39.06
Source     : 53.80
Difference : 14.74
Category   : Formula discrepancy
------------------------------------------------------------
IRCTC | Mar 2018 | ROE
Calculated : 23.14
Source     : 40.40
Difference : 17.26
Category   : Formula discrepancy
------------------------------------------------------------
IRCTC | Mar 2019 | ROCE
Calculated : 47.53
Source     : 53.80
Difference : 6.27
Category   : Formula discrepancy
------------------------------------------------------------
IRCTC | Mar 2019 | ROE
Calculated : 28.85
Source     : 40.40
Difference : 11.55
Category   : Formula discrepancy
------------------------------------------------------------
IRCTC | Mar 2020 | ROCE
Calculated : 59.36
Source     : 53.80
Difference : 5.56
Category   : Formula discrepancy
------------------------------------------------------------
IRCTC | Mar 2021 | ROCE
Calculated : 20.33
Source     : 53.80
Difference : 33.47
Category   : Formula discrepancy
------------------------------------------------------------
IRCTC | Mar 2021 | ROE
Calculated : 12.84
Source     : 40.40
Difference : 27.56
Category   : Formula discrepancy
------------------------------------------------------------
IRCTC | Mar 2022 | ROCE
Calculated : 47.90
Source     : 53.80
Difference : 5.90
Category   : Formula discrepancy
------------------------------------------------------------
IRCTC | Mar 2022 | ROE
Calculated : 35.29
Source     : 40.40
Difference : 5.11
Category   : Formula discrepancy
------------------------------------------------------------
IRCTC | Mar 2024 | ROCE
Calculated : 47.78
Source     : 53.80
Difference : 6.02
Category   : Formula discrepancy
------------------------------------------------------------
IRCTC | Mar 2024 | ROE
Calculated : 34.40
Source     : 40.40
Difference : 6.00
Category   : Formula discrepancy
------------------------------------------------------------
IRFC | Mar 2013 | ROE
Calculated : 8.16
Source     : 13.70
Difference : 5.54
Category   : Formula discrepancy
------------------------------------------------------------
IRFC | Mar 2016 | ROE
Calculated : 7.37
Source     : 13.70
Difference : 6.33
Category   : Formula discrepancy
------------------------------------------------------------
IRFC | Mar 2017 | ROE
Calculated : 7.78
Source     : 13.70
Difference : 5.92
Category   : Formula discrepancy
------------------------------------------------------------
ITC | Mar 2013 | ROCE
Calculated : 51.90
Source     : 34.76
Difference : 17.14
Category   : Formula discrepancy
------------------------------------------------------------
ITC | Mar 2014 | ROCE
Calculated : 51.12
Source     : 34.76
Difference : 16.36
Category   : Formula discrepancy
------------------------------------------------------------
ITC | Mar 2015 | ROCE
Calculated : 48.37
Source     : 34.76
Difference : 13.61
Category   : Formula discrepancy
------------------------------------------------------------
ITC | Mar 2016 | ROE
Calculated : 22.26
Source     : 29.47
Difference : 7.21
Category   : Formula discrepancy
------------------------------------------------------------
ITC | Mar 2017 | ROE
Calculated : 22.57
Source     : 29.47
Difference : 6.90
Category   : Formula discrepancy
------------------------------------------------------------
ITC | Mar 2018 | ROE
Calculated : 21.89
Source     : 29.47
Difference : 7.58
Category   : Formula discrepancy
------------------------------------------------------------
ITC | Mar 2019 | ROE
Calculated : 21.70
Source     : 29.47
Difference : 7.77
Category   : Formula discrepancy
------------------------------------------------------------
ITC | Mar 2020 | ROE
Calculated : 23.89
Source     : 29.47
Difference : 5.58
Category   : Formula discrepancy
------------------------------------------------------------
ITC | Mar 2021 | ROE
Calculated : 22.18
Source     : 29.47
Difference : 7.29
Category   : Formula discrepancy
------------------------------------------------------------
ITC | Mar 2023 | ROCE
Calculated : 40.03
Source     : 34.76
Difference : 5.27
Category   : Formula discrepancy
------------------------------------------------------------
JINDALSTEL | Mar 2014 | ROE
Calculated : 8.39
Source     : 14.10
Difference : 5.71
Category   : Formula discrepancy
------------------------------------------------------------
JINDALSTEL | Mar 2015 | ROCE
Calculated : 6.11
Source     : 13.20
Difference : 7.09
Category   : Formula discrepancy
------------------------------------------------------------
JINDALSTEL | Mar 2015 | ROE
Calculated : -6.90
Source     : 14.10
Difference : 21.00
Category   : Formula discrepancy
------------------------------------------------------------
JINDALSTEL | Mar 2016 | ROCE
Calculated : 4.24
Source     : 13.20
Difference : 8.96
Category   : Formula discrepancy
------------------------------------------------------------
JINDALSTEL | Mar 2016 | ROE
Calculated : -9.52
Source     : 14.10
Difference : 23.62
Category   : Formula discrepancy
------------------------------------------------------------
JINDALSTEL | Mar 2017 | ROCE
Calculated : 5.73
Source     : 13.20
Difference : 7.47
Category   : Formula discrepancy
------------------------------------------------------------
JINDALSTEL | Mar 2017 | ROE
Calculated : -8.45
Source     : 14.10
Difference : 22.55
Category   : Formula discrepancy
------------------------------------------------------------
JINDALSTEL | Mar 2018 | ROCE
Calculated : 8.02
Source     : 13.20
Difference : 5.18
Category   : Formula discrepancy
------------------------------------------------------------
JINDALSTEL | Mar 2018 | ROE
Calculated : -5.32
Source     : 14.10
Difference : 19.42
Category   : Formula discrepancy
------------------------------------------------------------
JINDALSTEL | Mar 2019 | ROE
Calculated : -7.52
Source     : 14.10
Difference : 21.62
Category   : Formula discrepancy
------------------------------------------------------------
JINDALSTEL | Mar 2020 | ROE
Calculated : -1.24
Source     : 14.10
Difference : 15.34
Category   : Formula discrepancy
------------------------------------------------------------
JINDALSTEL | Mar 2021 | ROCE
Calculated : 18.22
Source     : 13.20
Difference : 5.02
Category   : Formula discrepancy
------------------------------------------------------------
JINDALSTEL | Mar 2022 | ROCE
Calculated : 27.84
Source     : 13.20
Difference : 14.64
Category   : Formula discrepancy
------------------------------------------------------------
JSWENERGY | Mar 2013 | ROCE
Calculated : 16.95
Source     : 8.59
Difference : 8.36
Category   : Formula discrepancy
------------------------------------------------------------
JSWENERGY | Mar 2013 | ROE
Calculated : 14.52
Source     : 8.40
Difference : 6.12
Category   : Formula discrepancy
------------------------------------------------------------
JSWENERGY | Mar 2014 | ROCE
Calculated : 18.44
Source     : 8.59
Difference : 9.85
Category   : Formula discrepancy
------------------------------------------------------------
JSWENERGY | Mar 2015 | ROCE
Calculated : 22.72
Source     : 8.59
Difference : 14.13
Category   : Formula discrepancy
------------------------------------------------------------
JSWENERGY | Mar 2015 | ROE
Calculated : 18.06
Source     : 8.40
Difference : 9.66
Category   : Formula discrepancy
------------------------------------------------------------
JSWENERGY | Mar 2016 | ROCE
Calculated : 17.78
Source     : 8.59
Difference : 9.19
Category   : Formula discrepancy
------------------------------------------------------------
JSWENERGY | Mar 2016 | ROE
Calculated : 15.05
Source     : 8.40
Difference : 6.65
Category   : Formula discrepancy
------------------------------------------------------------
JSWENERGY | Mar 2017 | ROCE
Calculated : 14.34
Source     : 8.59
Difference : 5.75
Category   : Formula discrepancy
------------------------------------------------------------
JSWENERGY | Mar 2018 | ROE
Calculated : 0.77
Source     : 8.40
Difference : 7.63
Category   : Formula discrepancy
------------------------------------------------------------
JSWENERGY | Mar 2019 | ROCE
Calculated : 14.54
Source     : 8.59
Difference : 5.95
Category   : Formula discrepancy
------------------------------------------------------------
JSWENERGY | Mar 2020 | ROCE
Calculated : 15.51
Source     : 8.59
Difference : 6.92
Category   : Formula discrepancy
------------------------------------------------------------
JSWENERGY | Mar 2021 | ROCE
Calculated : 13.82
Source     : 8.59
Difference : 5.23
Category   : Formula discrepancy
------------------------------------------------------------
JSWENERGY | Mar 2022 | ROCE
Calculated : 15.73
Source     : 8.59
Difference : 7.14
Category   : Formula discrepancy
------------------------------------------------------------
JSWSTEEL | Mar 2013 | ROE
Calculated : 5.44
Source     : 11.66
Difference : 6.22
Category   : Formula discrepancy
------------------------------------------------------------
JSWSTEEL | Mar 2014 | ROE
Calculated : 1.90
Source     : 11.66
Difference : 9.76
Category   : Formula discrepancy
------------------------------------------------------------
JSWSTEEL | Mar 2016 | ROCE
Calculated : 7.28
Source     : 13.36
Difference : 6.08
Category   : Formula discrepancy
------------------------------------------------------------
JSWSTEEL | Mar 2016 | ROE
Calculated : -2.54
Source     : 11.66
Difference : 14.20
Category   : Formula discrepancy
------------------------------------------------------------
JSWSTEEL | Mar 2017 | ROCE
Calculated : 18.68
Source     : 13.36
Difference : 5.32
Category   : Formula discrepancy
------------------------------------------------------------
JSWSTEEL | Mar 2018 | ROCE
Calculated : 21.87
Source     : 13.36
Difference : 8.51
Category   : Formula discrepancy
------------------------------------------------------------
JSWSTEEL | Mar 2018 | ROE
Calculated : 21.83
Source     : 11.66
Difference : 10.17
Category   : Formula discrepancy
------------------------------------------------------------
JSWSTEEL | Mar 2019 | ROCE
Calculated : 23.27
Source     : 13.36
Difference : 9.91
Category   : Formula discrepancy
------------------------------------------------------------
JSWSTEEL | Mar 2019 | ROE
Calculated : 21.62
Source     : 11.66
Difference : 9.96
Category   : Formula discrepancy
------------------------------------------------------------
JSWSTEEL | Mar 2021 | ROCE
Calculated : 18.92
Source     : 13.36
Difference : 5.56
Category   : Formula discrepancy
------------------------------------------------------------
JSWSTEEL | Mar 2021 | ROE
Calculated : 16.84
Source     : 11.66
Difference : 5.18
Category   : Formula discrepancy
------------------------------------------------------------
JSWSTEEL | Mar 2022 | ROCE
Calculated : 29.18
Source     : 13.36
Difference : 15.82
Category   : Formula discrepancy
------------------------------------------------------------
JSWSTEEL | Mar 2022 | ROE
Calculated : 31.11
Source     : 11.66
Difference : 19.45
Category   : Formula discrepancy
------------------------------------------------------------
JSWSTEEL | Mar 2023 | ROE
Calculated : 6.30
Source     : 11.66
Difference : 5.36
Category   : Formula discrepancy
------------------------------------------------------------
LICI | Mar 2019 | ROCE
Calculated : 3.16
Source     : 63.79
Difference : 60.63
Category   : Formula discrepancy
------------------------------------------------------------
LICI | Mar 2019 | ROE
Calculated : 324.32
Source     : 63.61
Difference : 260.71
Category   : Formula discrepancy
------------------------------------------------------------
LICI | Mar 2020 | ROCE
Calculated : 5.47
Source     : 63.79
Difference : 58.32
Category   : Formula discrepancy
------------------------------------------------------------
LICI | Mar 2020 | ROE
Calculated : 270.46
Source     : 63.61
Difference : 206.85
Category   : Formula discrepancy
------------------------------------------------------------
LICI | Mar 2021 | ROCE
Calculated : 182.46
Source     : 63.79
Difference : 118.67
Category   : Formula discrepancy
------------------------------------------------------------
LICI | Mar 2021 | ROE
Calculated : 43.20
Source     : 63.61
Difference : 20.41
Category   : Formula discrepancy
------------------------------------------------------------
LICI | Mar 2022 | ROCE
Calculated : 110.89
Source     : 63.79
Difference : 47.10
Category   : Formula discrepancy
------------------------------------------------------------
LICI | Mar 2022 | ROE
Calculated : 36.38
Source     : 63.61
Difference : 27.23
Category   : Formula discrepancy
------------------------------------------------------------
LICI | Mar 2023 | ROCE
Calculated : 90.86
Source     : 63.79
Difference : 27.07
Category   : Formula discrepancy
------------------------------------------------------------
LICI | Mar 2023 | ROE
Calculated : 77.86
Source     : 63.61
Difference : 14.25
Category   : Formula discrepancy
------------------------------------------------------------
LICI | Mar 2024 | ROCE
Calculated : 57.53
Source     : 63.79
Difference : 6.26
Category   : Formula discrepancy
------------------------------------------------------------
LICI | Mar 2024 | ROE
Calculated : 49.45
Source     : 63.61
Difference : 14.16
Category   : Formula discrepancy
------------------------------------------------------------
LODHA | Mar 2011 | ROE
Calculated : 35.48
Source     : 10.70
Difference : 24.78
Category   : Formula discrepancy
------------------------------------------------------------
LODHA | Mar 2012 | ROE
Calculated : 33.84
Source     : 10.70
Difference : 23.14
Category   : Formula discrepancy
------------------------------------------------------------
LODHA | Mar 2015 | ROE
Calculated : 24.23
Source     : 10.70
Difference : 13.53
Category   : Formula discrepancy
------------------------------------------------------------
LODHA | Mar 2016 | ROE
Calculated : 17.69
Source     : 10.70
Difference : 6.99
Category   : Formula discrepancy
------------------------------------------------------------
LODHA | Mar 2019 | ROE
Calculated : 42.80
Source     : 10.70
Difference : 32.10
Category   : Formula discrepancy
------------------------------------------------------------
LODHA | Mar 2020 | ROE
Calculated : 16.30
Source     : 10.70
Difference : 5.60
Category   : Formula discrepancy
------------------------------------------------------------
LODHA | Mar 2021 | ROCE
Calculated : 5.45
Source     : 11.10
Difference : 5.65
Category   : Formula discrepancy
------------------------------------------------------------
LODHA | Mar 2021 | ROE
Calculated : 1.04
Source     : 10.70
Difference : 9.66
Category   : Formula discrepancy
------------------------------------------------------------
LODHA | Mar 2023 | ROCE
Calculated : 4.73
Source     : 11.10
Difference : 6.37
Category   : Formula discrepancy
------------------------------------------------------------
LODHA | Mar 2023 | ROE
Calculated : 3.87
Source     : 10.70
Difference : 6.83
Category   : Formula discrepancy
------------------------------------------------------------
LT | Mar 2013 | ROCE
Calculated : 884.74
Source     : 17.18
Difference : 867.56
Category   : Formula discrepancy
------------------------------------------------------------
LT | Mar 2013 | ROE
Calculated : 395.15
Source     : 10.49
Difference : 384.66
Category   : Formula discrepancy
------------------------------------------------------------
LT | Mar 2014 | ROCE
Calculated : 896.69
Source     : 17.18
Difference : 879.51
Category   : Formula discrepancy
------------------------------------------------------------
LT | Mar 2014 | ROE
Calculated : 303.42
Source     : 10.49
Difference : 292.93
Category   : Formula discrepancy
------------------------------------------------------------
LT | Mar 2015 | ROCE
Calculated : 762.30
Source     : 17.18
Difference : 745.12
Category   : Formula discrepancy
------------------------------------------------------------
LT | Mar 2015 | ROE
Calculated : 245.11
Source     : 10.49
Difference : 234.62
Category   : Formula discrepancy
------------------------------------------------------------
LT | Mar 2016 | ROCE
Calculated : 766.28
Source     : 17.18
Difference : 749.10
Category   : Formula discrepancy
------------------------------------------------------------
LT | Mar 2016 | ROE
Calculated : 216.09
Source     : 10.49
Difference : 205.60
Category   : Formula discrepancy
------------------------------------------------------------
LT | Mar 2017 | ROCE
Calculated : 575.25
Source     : 17.18
Difference : 558.07
Category   : Formula discrepancy
------------------------------------------------------------
LT | Mar 2017 | ROE
Calculated : 206.30
Source     : 10.49
Difference : 195.81
Category   : Formula discrepancy
------------------------------------------------------------
LT | Mar 2018 | ROCE
Calculated : 558.96
Source     : 17.18
Difference : 541.78
Category   : Formula discrepancy
------------------------------------------------------------
LT | Mar 2018 | ROE
Calculated : 207.36
Source     : 10.49
Difference : 196.87
Category   : Formula discrepancy
------------------------------------------------------------
LT | Mar 2019 | ROCE
Calculated : 522.52
Source     : 17.18
Difference : 505.34
Category   : Formula discrepancy
------------------------------------------------------------
LT | Mar 2019 | ROE
Calculated : 208.81
Source     : 10.49
Difference : 198.32
Category   : Formula discrepancy
------------------------------------------------------------
LT | Mar 2020 | ROCE
Calculated : 436.48
Source     : 17.18
Difference : 419.30
Category   : Formula discrepancy
------------------------------------------------------------
LT | Mar 2020 | ROE
Calculated : 201.59
Source     : 10.49
Difference : 191.10
Category   : Formula discrepancy
------------------------------------------------------------
LT | Mar 2021 | ROCE
Calculated : 389.67
Source     : 17.18
Difference : 372.49
Category   : Formula discrepancy
------------------------------------------------------------
LT | Mar 2021 | ROE
Calculated : 176.90
Source     : 10.49
Difference : 166.41
Category   : Formula discrepancy
------------------------------------------------------------
LT | Mar 2022 | ROCE
Calculated : 183.40
Source     : 17.18
Difference : 166.22
Category   : Formula discrepancy
------------------------------------------------------------
LT | Mar 2022 | ROE
Calculated : 72.92
Source     : 10.49
Difference : 62.43
Category   : Formula discrepancy
------------------------------------------------------------
LT | Mar 2023 | ROCE
Calculated : 165.76
Source     : 17.18
Difference : 148.58
Category   : Formula discrepancy
------------------------------------------------------------
LT | Mar 2023 | ROE
Calculated : 75.52
Source     : 10.49
Difference : 65.03
Category   : Formula discrepancy
------------------------------------------------------------
LT | Mar 2024 | ROCE
Calculated : 152.62
Source     : 17.18
Difference : 135.44
Category   : Formula discrepancy
------------------------------------------------------------
LT | Mar 2024 | ROE
Calculated : 77.67
Source     : 10.49
Difference : 67.18
Category   : Formula discrepancy
------------------------------------------------------------
LTIM | Mar 2013 | ROCE
Calculated : 56.71
Source     : 34.10
Difference : 22.61
Category   : Formula discrepancy
------------------------------------------------------------
LTIM | Mar 2013 | ROE
Calculated : 41.97
Source     : 26.04
Difference : 15.93
Category   : Formula discrepancy
------------------------------------------------------------
LTIM | Mar 2014 | ROCE
Calculated : 79.30
Source     : 34.10
Difference : 45.20
Category   : Formula discrepancy
------------------------------------------------------------
LTIM | Mar 2014 | ROE
Calculated : 61.86
Source     : 26.04
Difference : 35.82
Category   : Formula discrepancy
------------------------------------------------------------
LTIM | Mar 2015 | ROCE
Calculated : 49.20
Source     : 34.10
Difference : 15.10
Category   : Formula discrepancy
------------------------------------------------------------
LTIM | Mar 2015 | ROE
Calculated : 37.96
Source     : 26.04
Difference : 11.92
Category   : Formula discrepancy
------------------------------------------------------------
LTIM | Mar 2016 | ROCE
Calculated : 55.73
Source     : 34.10
Difference : 21.63
Category   : Formula discrepancy
------------------------------------------------------------
LTIM | Mar 2016 | ROE
Calculated : 39.34
Source     : 26.04
Difference : 13.30
Category   : Formula discrepancy
------------------------------------------------------------
LTIM | Mar 2017 | ROCE
Calculated : 45.07
Source     : 34.10
Difference : 10.97
Category   : Formula discrepancy
------------------------------------------------------------
LTIM | Mar 2018 | ROCE
Calculated : 41.79
Source     : 34.10
Difference : 7.69
Category   : Formula discrepancy
------------------------------------------------------------
LTIM | Mar 2019 | ROCE
Calculated : 44.66
Source     : 34.10
Difference : 10.56
Category   : Formula discrepancy
------------------------------------------------------------
LTIM | Mar 2022 | ROCE
Calculated : 41.35
Source     : 34.10
Difference : 7.25
Category   : Formula discrepancy
------------------------------------------------------------
M&M | Mar 2013 | ROCE
Calculated : 20.46
Source     : 26.98
Difference : 6.52
Category   : Formula discrepancy
------------------------------------------------------------
M&M | Mar 2014 | ROCE
Calculated : 18.71
Source     : 26.98
Difference : 8.27
Category   : Formula discrepancy
------------------------------------------------------------
M&M | Mar 2015 | ROCE
Calculated : 15.04
Source     : 26.98
Difference : 11.94
Category   : Formula discrepancy
------------------------------------------------------------
M&M | Mar 2016 | ROCE
Calculated : 16.87
Source     : 26.98
Difference : 10.11
Category   : Formula discrepancy
------------------------------------------------------------
M&M | Mar 2017 | ROCE
Calculated : 16.31
Source     : 26.98
Difference : 10.67
Category   : Formula discrepancy
------------------------------------------------------------
M&M | Mar 2018 | ROCE
Calculated : 18.98
Source     : 26.98
Difference : 8.00
Category   : Formula discrepancy
------------------------------------------------------------
M&M | Mar 2019 | ROCE
Calculated : 16.14
Source     : 26.98
Difference : 10.84
Category   : Formula discrepancy
------------------------------------------------------------
M&M | Mar 2020 | ROCE
Calculated : 9.05
Source     : 26.98
Difference : 17.93
Category   : Formula discrepancy
------------------------------------------------------------
M&M | Mar 2020 | ROE
Calculated : -0.80
Source     : 17.99
Difference : 18.79
Category   : Formula discrepancy
------------------------------------------------------------
M&M | Mar 2021 | ROCE
Calculated : 10.34
Source     : 26.98
Difference : 16.64
Category   : Formula discrepancy
------------------------------------------------------------
M&M | Mar 2021 | ROE
Calculated : 3.64
Source     : 17.99
Difference : 14.35
Category   : Formula discrepancy
------------------------------------------------------------
M&M | Mar 2022 | ROCE
Calculated : 14.34
Source     : 26.98
Difference : 12.64
Category   : Formula discrepancy
------------------------------------------------------------
M&M | Mar 2023 | ROCE
Calculated : 16.31
Source     : 26.98
Difference : 10.67
Category   : Formula discrepancy
------------------------------------------------------------
M&M | Mar 2024 | ROCE
Calculated : 16.12
Source     : 26.98
Difference : 10.86
Category   : Formula discrepancy
------------------------------------------------------------
MARUTI | Mar 2015 | ROCE
Calculated : 30.86
Source     : 23.67
Difference : 7.19
Category   : Formula discrepancy
------------------------------------------------------------
MARUTI | Mar 2016 | ROCE
Calculated : 34.00
Source     : 23.67
Difference : 10.33
Category   : Formula discrepancy
------------------------------------------------------------
MARUTI | Mar 2017 | ROCE
Calculated : 34.13
Source     : 23.67
Difference : 10.46
Category   : Formula discrepancy
------------------------------------------------------------
MARUTI | Mar 2018 | ROCE
Calculated : 33.44
Source     : 23.67
Difference : 9.77
Category   : Formula discrepancy
------------------------------------------------------------
MARUTI | Mar 2019 | ROCE
Calculated : 29.04
Source     : 23.67
Difference : 5.37
Category   : Formula discrepancy
------------------------------------------------------------
MARUTI | Mar 2021 | ROCE
Calculated : 15.94
Source     : 23.67
Difference : 7.73
Category   : Formula discrepancy
------------------------------------------------------------
MARUTI | Mar 2021 | ROE
Calculated : 8.36
Source     : 15.75
Difference : 7.39
Category   : Formula discrepancy
------------------------------------------------------------
MARUTI | Mar 2022 | ROCE
Calculated : 13.65
Source     : 23.67
Difference : 10.02
Category   : Formula discrepancy
------------------------------------------------------------
MARUTI | Mar 2022 | ROE
Calculated : 7.01
Source     : 15.75
Difference : 8.74
Category   : Formula discrepancy
------------------------------------------------------------
MOTHERSON | Mar 2013 | ROCE
Calculated : 25.00
Source     : 13.70
Difference : 11.30
Category   : Formula discrepancy
------------------------------------------------------------
MOTHERSON | Mar 2013 | ROE
Calculated : 19.75
Source     : 11.80
Difference : 7.95
Category   : Formula discrepancy
------------------------------------------------------------
MOTHERSON | Mar 2014 | ROCE
Calculated : 34.72
Source     : 13.70
Difference : 21.02
Category   : Formula discrepancy
------------------------------------------------------------
MOTHERSON | Mar 2014 | ROE
Calculated : 37.07
Source     : 11.80
Difference : 25.27
Category   : Formula discrepancy
------------------------------------------------------------
MOTHERSON | Mar 2015 | ROCE
Calculated : 36.14
Source     : 13.70
Difference : 22.44
Category   : Formula discrepancy
------------------------------------------------------------
MOTHERSON | Mar 2015 | ROE
Calculated : 38.87
Source     : 11.80
Difference : 27.07
Category   : Formula discrepancy
------------------------------------------------------------
MOTHERSON | Mar 2016 | ROCE
Calculated : 35.59
Source     : 13.70
Difference : 21.89
Category   : Formula discrepancy
------------------------------------------------------------
MOTHERSON | Mar 2016 | ROE
Calculated : 40.35
Source     : 11.80
Difference : 28.55
Category   : Formula discrepancy
------------------------------------------------------------
MOTHERSON | Mar 2017 | ROCE
Calculated : 24.26
Source     : 13.70
Difference : 10.56
Category   : Formula discrepancy
------------------------------------------------------------
MOTHERSON | Mar 2017 | ROE
Calculated : 26.26
Source     : 11.80
Difference : 14.46
Category   : Formula discrepancy
------------------------------------------------------------
MOTHERSON | Mar 2018 | ROCE
Calculated : 25.93
Source     : 13.70
Difference : 12.23
Category   : Formula discrepancy
------------------------------------------------------------
MOTHERSON | Mar 2018 | ROE
Calculated : 22.87
Source     : 11.80
Difference : 11.07
Category   : Formula discrepancy
------------------------------------------------------------
MOTHERSON | Mar 2019 | ROCE
Calculated : 25.25
Source     : 13.70
Difference : 11.55
Category   : Formula discrepancy
------------------------------------------------------------
MOTHERSON | Mar 2019 | ROE
Calculated : 19.14
Source     : 11.80
Difference : 7.34
Category   : Formula discrepancy
------------------------------------------------------------
MOTHERSON | Mar 2020 | ROCE
Calculated : 21.71
Source     : 13.70
Difference : 8.01
Category   : Formula discrepancy
------------------------------------------------------------
MOTHERSON | Mar 2021 | ROCE
Calculated : 20.16
Source     : 13.70
Difference : 6.46
Category   : Formula discrepancy
------------------------------------------------------------
MOTHERSON | Mar 2022 | ROE
Calculated : 5.74
Source     : 11.80
Difference : 6.06
Category   : Formula discrepancy
------------------------------------------------------------
MOTHERSON | Mar 2024 | ROCE
Calculated : 20.54
Source     : 13.70
Difference : 6.84
Category   : Formula discrepancy
------------------------------------------------------------
NAUKRI | Mar 2013 | ROCE
Calculated : 23.81
Source     : 3.65
Difference : 20.16
Category   : Formula discrepancy
------------------------------------------------------------
NAUKRI | Mar 2013 | ROE
Calculated : 12.50
Source     : 2.44
Difference : 10.06
Category   : Formula discrepancy
------------------------------------------------------------
NAUKRI | Mar 2014 | ROCE
Calculated : 21.55
Source     : 3.65
Difference : 17.90
Category   : Formula discrepancy
------------------------------------------------------------
NAUKRI | Mar 2014 | ROE
Calculated : 8.93
Source     : 2.44
Difference : 6.49
Category   : Formula discrepancy
------------------------------------------------------------
NAUKRI | Mar 2016 | ROCE
Calculated : 13.08
Source     : 3.65
Difference : 9.43
Category   : Formula discrepancy
------------------------------------------------------------
NAUKRI | Mar 2016 | ROE
Calculated : 7.65
Source     : 2.44
Difference : 5.21
Category   : Formula discrepancy
------------------------------------------------------------
NAUKRI | Mar 2017 | ROE
Calculated : -2.70
Source     : 2.44
Difference : 5.14
Category   : Formula discrepancy
------------------------------------------------------------
NAUKRI | Mar 2018 | ROCE
Calculated : 30.30
Source     : 3.65
Difference : 26.65
Category   : Formula discrepancy
------------------------------------------------------------
NAUKRI | Mar 2018 | ROE
Calculated : 24.50
Source     : 2.44
Difference : 22.06
Category   : Formula discrepancy
------------------------------------------------------------
NAUKRI | Mar 2019 | ROCE
Calculated : 29.32
Source     : 3.65
Difference : 25.67
Category   : Formula discrepancy
------------------------------------------------------------
NAUKRI | Mar 2019 | ROE
Calculated : 23.28
Source     : 2.44
Difference : 20.84
Category   : Formula discrepancy
------------------------------------------------------------
NAUKRI | Mar 2020 | ROCE
Calculated : -2.82
Source     : 3.65
Difference : 6.47
Category   : Formula discrepancy
------------------------------------------------------------
NAUKRI | Mar 2020 | ROE
Calculated : -11.21
Source     : 2.44
Difference : 13.65
Category   : Formula discrepancy
------------------------------------------------------------
NAUKRI | Mar 2021 | ROCE
Calculated : 30.36
Source     : 3.65
Difference : 26.71
Category   : Formula discrepancy
------------------------------------------------------------
NAUKRI | Mar 2021 | ROE
Calculated : 26.28
Source     : 2.44
Difference : 23.84
Category   : Formula discrepancy
------------------------------------------------------------
NAUKRI | Mar 2022 | ROCE
Calculated : 82.38
Source     : 3.65
Difference : 78.73
Category   : Formula discrepancy
------------------------------------------------------------
NAUKRI | Mar 2022 | ROE
Calculated : 74.71
Source     : 2.44
Difference : 72.27
Category   : Formula discrepancy
------------------------------------------------------------
NESTLEIND | Dec 2013 | ROCE
Calculated : 57.49
Source     : 185.43
Difference : 127.94
Category   : Formula discrepancy
------------------------------------------------------------
NESTLEIND | Dec 2013 | ROE
Calculated : 47.17
Source     : 135.61
Difference : 88.44
Category   : Formula discrepancy
------------------------------------------------------------
NESTLEIND | Dec 2014 | ROCE
Calculated : 74.41
Source     : 185.43
Difference : 111.02
Category   : Formula discrepancy
------------------------------------------------------------
NESTLEIND | Dec 2014 | ROE
Calculated : 41.77
Source     : 135.61
Difference : 93.84
Category   : Formula discrepancy
------------------------------------------------------------
NESTLEIND | Dec 2015 | ROCE
Calculated : 41.06
Source     : 185.43
Difference : 144.37
Category   : Formula discrepancy
------------------------------------------------------------
NESTLEIND | Dec 2015 | ROE
Calculated : 19.99
Source     : 135.61
Difference : 115.62
Category   : Formula discrepancy
------------------------------------------------------------
NESTLEIND | Dec 2016 | ROCE
Calculated : 60.03
Source     : 185.43
Difference : 125.40
Category   : Formula discrepancy
------------------------------------------------------------
NESTLEIND | Dec 2016 | ROE
Calculated : 30.50
Source     : 135.61
Difference : 105.11
Category   : Formula discrepancy
------------------------------------------------------------
NESTLEIND | Dec 2017 | ROCE
Calculated : 65.82
Source     : 185.43
Difference : 119.61
Category   : Formula discrepancy
------------------------------------------------------------
NESTLEIND | Dec 2017 | ROE
Calculated : 35.82
Source     : 135.61
Difference : 99.79
Category   : Formula discrepancy
------------------------------------------------------------
NESTLEIND | Dec 2018 | ROCE
Calculated : 77.59
Source     : 185.43
Difference : 107.84
Category   : Formula discrepancy
------------------------------------------------------------
NESTLEIND | Dec 2018 | ROE
Calculated : 43.75
Source     : 135.61
Difference : 91.86
Category   : Formula discrepancy
------------------------------------------------------------
NESTLEIND | Dec 2019 | ROCE
Calculated : 150.59
Source     : 185.43
Difference : 34.84
Category   : Formula discrepancy
------------------------------------------------------------
NESTLEIND | Dec 2019 | ROE
Calculated : 102.61
Source     : 135.61
Difference : 33.00
Category   : Formula discrepancy
------------------------------------------------------------
NESTLEIND | Dec 2020 | ROCE
Calculated : 154.57
Source     : 185.43
Difference : 30.86
Category   : Formula discrepancy
------------------------------------------------------------
NESTLEIND | Dec 2020 | ROE
Calculated : 103.12
Source     : 135.61
Difference : 32.49
Category   : Formula discrepancy
------------------------------------------------------------
NESTLEIND | Dec 2021 | ROCE
Calculated : 155.97
Source     : 185.43
Difference : 29.46
Category   : Formula discrepancy
------------------------------------------------------------
NESTLEIND | Dec 2021 | ROE
Calculated : 108.84
Source     : 135.61
Difference : 26.77
Category   : Formula discrepancy
------------------------------------------------------------
NESTLEIND | Dec 2022 | ROCE
Calculated : 139.67
Source     : 185.43
Difference : 45.76
Category   : Formula discrepancy
------------------------------------------------------------
NESTLEIND | Dec 2022 | ROE
Calculated : 97.23
Source     : 135.61
Difference : 38.38
Category   : Formula discrepancy
------------------------------------------------------------
NESTLEIND | Dec 2023 | ROCE
Calculated : 168.02
Source     : 185.43
Difference : 17.41
Category   : Formula discrepancy
------------------------------------------------------------
NESTLEIND | Dec 2023 | ROE
Calculated : 121.96
Source     : 135.61
Difference : 13.65
Category   : Formula discrepancy
------------------------------------------------------------
NESTLEIND | Mar 2024 | ROCE
Calculated : 162.06
Source     : 185.43
Difference : 23.37
Category   : Formula discrepancy
------------------------------------------------------------
NESTLEIND | Mar 2024 | ROE
Calculated : 117.75
Source     : 135.61
Difference : 17.86
Category   : Formula discrepancy
------------------------------------------------------------
NHPC | Mar 2015 | ROCE
Calculated : 13.11
Source     : 7.67
Difference : 5.44
Category   : Formula discrepancy
------------------------------------------------------------
NHPC | Mar 2017 | ROCE
Calculated : 14.78
Source     : 7.67
Difference : 7.11
Category   : Formula discrepancy
------------------------------------------------------------
NHPC | Mar 2019 | ROCE
Calculated : 13.46
Source     : 7.67
Difference : 5.79
Category   : Formula discrepancy
------------------------------------------------------------
ONGC | Mar 2013 | ROCE
Calculated : 28.28
Source     : 19.71
Difference : 8.57
Category   : Formula discrepancy
------------------------------------------------------------
ONGC | Mar 2014 | ROCE
Calculated : 25.44
Source     : 19.71
Difference : 5.73
Category   : Formula discrepancy
------------------------------------------------------------
ONGC | Mar 2016 | ROE
Calculated : 6.62
Source     : 14.32
Difference : 7.70
Category   : Formula discrepancy
------------------------------------------------------------
ONGC | Mar 2019 | ROCE
Calculated : 25.99
Source     : 19.71
Difference : 6.28
Category   : Formula discrepancy
------------------------------------------------------------
ONGC | Mar 2020 | ROE
Calculated : 5.59
Source     : 14.32
Difference : 8.73
Category   : Formula discrepancy
------------------------------------------------------------
PFC | Mar 2013 | ROCE
Calculated : 3.68
Source     : 9.96
Difference : 6.28
Category   : Formula discrepancy
------------------------------------------------------------
PFC | Mar 2014 | ROCE
Calculated : 4.09
Source     : 9.96
Difference : 5.87
Category   : Formula discrepancy
------------------------------------------------------------
PFC | Mar 2015 | ROCE
Calculated : 3.84
Source     : 9.96
Difference : 6.12
Category   : Formula discrepancy
------------------------------------------------------------
PFC | Mar 2016 | ROCE
Calculated : 3.88
Source     : 9.96
Difference : 6.08
Category   : Formula discrepancy
------------------------------------------------------------
PFC | Mar 2017 | ROCE
Calculated : 2.21
Source     : 9.96
Difference : 7.75
Category   : Formula discrepancy
------------------------------------------------------------
PFC | Mar 2017 | ROE
Calculated : 6.07
Source     : 19.49
Difference : 13.42
Category   : Formula discrepancy
------------------------------------------------------------
PFC | Mar 2018 | ROCE
Calculated : 2.45
Source     : 9.96
Difference : 7.51
Category   : Formula discrepancy
------------------------------------------------------------
PFC | Mar 2019 | ROCE
Calculated : 3.05
Source     : 9.96
Difference : 6.91
Category   : Formula discrepancy
------------------------------------------------------------
PFC | Mar 2019 | ROE
Calculated : 26.82
Source     : 19.49
Difference : 7.33
Category   : Formula discrepancy
------------------------------------------------------------
PFC | Mar 2020 | ROCE
Calculated : 2.19
Source     : 9.96
Difference : 7.77
Category   : Formula discrepancy
------------------------------------------------------------
PFC | Mar 2021 | ROCE
Calculated : 2.76
Source     : 9.96
Difference : 7.20
Category   : Formula discrepancy
------------------------------------------------------------
PFC | Mar 2021 | ROE
Calculated : 25.86
Source     : 19.49
Difference : 6.37
Category   : Formula discrepancy
------------------------------------------------------------
PFC | Mar 2022 | ROCE
Calculated : 3.20
Source     : 9.96
Difference : 6.76
Category   : Formula discrepancy
------------------------------------------------------------
PFC | Mar 2022 | ROE
Calculated : 26.18
Source     : 19.49
Difference : 6.69
Category   : Formula discrepancy
------------------------------------------------------------
PFC | Mar 2023 | ROCE
Calculated : 3.18
Source     : 9.96
Difference : 6.78
Category   : Formula discrepancy
------------------------------------------------------------
PFC | Mar 2023 | ROE
Calculated : 25.17
Source     : 19.49
Difference : 5.68
Category   : Formula discrepancy
------------------------------------------------------------
PFC | Mar 2024 | ROCE
Calculated : 3.49
Source     : 9.96
Difference : 6.47
Category   : Formula discrepancy
------------------------------------------------------------
PFC | Mar 2024 | ROE
Calculated : 26.16
Source     : 19.49
Difference : 6.67
Category   : Formula discrepancy
------------------------------------------------------------
PIDILITIND | Mar 2013 | ROCE
Calculated : 37.74
Source     : 29.70
Difference : 8.04
Category   : Formula discrepancy
------------------------------------------------------------
PIDILITIND | Mar 2014 | ROCE
Calculated : 35.54
Source     : 29.70
Difference : 5.84
Category   : Formula discrepancy
------------------------------------------------------------
PIDILITIND | Mar 2015 | ROCE
Calculated : 34.84
Source     : 29.70
Difference : 5.14
Category   : Formula discrepancy
------------------------------------------------------------
PIDILITIND | Mar 2016 | ROCE
Calculated : 46.14
Source     : 29.70
Difference : 16.44
Category   : Formula discrepancy
------------------------------------------------------------
PIDILITIND | Mar 2016 | ROE
Calculated : 30.59
Source     : 22.80
Difference : 7.79
Category   : Formula discrepancy
------------------------------------------------------------
PIDILITIND | Mar 2017 | ROCE
Calculated : 38.58
Source     : 29.70
Difference : 8.88
Category   : Formula discrepancy
------------------------------------------------------------
PIDILITIND | Mar 2018 | ROCE
Calculated : 40.39
Source     : 29.70
Difference : 10.69
Category   : Formula discrepancy
------------------------------------------------------------
PIDILITIND | Mar 2019 | ROCE
Calculated : 35.23
Source     : 29.70
Difference : 5.53
Category   : Formula discrepancy
------------------------------------------------------------
PIDILITIND | Mar 2020 | ROCE
Calculated : 35.27
Source     : 29.70
Difference : 5.57
Category   : Formula discrepancy
------------------------------------------------------------
PNB | Mar 2013 | ROE
Calculated : 812.30
Source     : 8.70
Difference : 803.60
Category   : Formula discrepancy
------------------------------------------------------------
PNB | Mar 2014 | ROE
Calculated : 393.36
Source     : 8.70
Difference : 384.66
Category   : Formula discrepancy
------------------------------------------------------------
PNB | Mar 2015 | ROE
Calculated : 223.24
Source     : 8.70
Difference : 214.54
Category   : Formula discrepancy
------------------------------------------------------------
PNB | Mar 2016 | ROE
Calculated : -163.56
Source     : 8.70
Difference : 172.26
Category   : Formula discrepancy
------------------------------------------------------------
PNB | Mar 2017 | ROE
Calculated : 22.21
Source     : 8.70
Difference : 13.51
Category   : Formula discrepancy
------------------------------------------------------------
PNB | Mar 2018 | ROE
Calculated : -184.37
Source     : 8.70
Difference : 193.07
Category   : Formula discrepancy
------------------------------------------------------------
PNB | Mar 2019 | ROE
Calculated : -128.45
Source     : 8.70
Difference : 137.15
Category   : Formula discrepancy
------------------------------------------------------------
PNB | Mar 2021 | ROE
Calculated : 30.39
Source     : 8.70
Difference : 21.69
Category   : Formula discrepancy
------------------------------------------------------------
PNB | Mar 2022 | ROE
Calculated : 39.87
Source     : 8.70
Difference : 31.17
Category   : Formula discrepancy
------------------------------------------------------------
PNB | Mar 2023 | ROE
Calculated : 30.67
Source     : 8.70
Difference : 21.97
Category   : Formula discrepancy
------------------------------------------------------------
PNB | Mar 2024 | ROE
Calculated : 61.32
Source     : 8.70
Difference : 52.62
Category   : Formula discrepancy
------------------------------------------------------------
POWERGRID | Mar 2014 | ROE
Calculated : 13.11
Source     : 19.00
Difference : 5.89
Category   : Formula discrepancy
------------------------------------------------------------
POWERGRID | Mar 2015 | ROE
Calculated : 13.13
Source     : 19.00
Difference : 5.87
Category   : Formula discrepancy
------------------------------------------------------------
POWERGRID | Mar 2016 | ROE
Calculated : 13.55
Source     : 19.00
Difference : 5.45
Category   : Formula discrepancy
------------------------------------------------------------
POWERGRID | Mar 2022 | ROCE
Calculated : 19.21
Source     : 13.20
Difference : 6.01
Category   : Formula discrepancy
------------------------------------------------------------
POWERGRID | Mar 2023 | ROCE
Calculated : 19.22
Source     : 13.20
Difference : 6.02
Category   : Formula discrepancy
------------------------------------------------------------
POWERGRID | Mar 2024 | ROCE
Calculated : 19.17
Source     : 13.20
Difference : 5.97
Category   : Formula discrepancy
------------------------------------------------------------
RECLTD | Mar 2018 | ROE
Calculated : 13.66
Source     : 22.20
Difference : 8.54
Category   : Formula discrepancy
------------------------------------------------------------
RECLTD | Mar 2019 | ROE
Calculated : 16.62
Source     : 22.20
Difference : 5.58
Category   : Formula discrepancy
------------------------------------------------------------
RECLTD | Mar 2020 | ROE
Calculated : 14.05
Source     : 22.20
Difference : 8.15
Category   : Formula discrepancy
------------------------------------------------------------
SBILIFE | Mar 2013 | ROCE
Calculated : 26.28
Source     : 13.20
Difference : 13.08
Category   : Formula discrepancy
------------------------------------------------------------
SBILIFE | Mar 2013 | ROE
Calculated : 23.03
Source     : 12.00
Difference : 11.03
Category   : Formula discrepancy
------------------------------------------------------------
SBILIFE | Mar 2014 | ROCE
Calculated : 25.48
Source     : 13.20
Difference : 12.28
Category   : Formula discrepancy
------------------------------------------------------------
SBILIFE | Mar 2014 | ROE
Calculated : 21.69
Source     : 12.00
Difference : 9.69
Category   : Formula discrepancy
------------------------------------------------------------
SBILIFE | Mar 2015 | ROCE
Calculated : 24.09
Source     : 13.20
Difference : 10.89
Category   : Formula discrepancy
------------------------------------------------------------
SBILIFE | Mar 2015 | ROE
Calculated : 20.09
Source     : 12.00
Difference : 8.09
Category   : Formula discrepancy
------------------------------------------------------------
SBILIFE | Mar 2016 | ROCE
Calculated : 22.16
Source     : 13.20
Difference : 8.96
Category   : Formula discrepancy
------------------------------------------------------------
SBILIFE | Mar 2016 | ROE
Calculated : 17.83
Source     : 12.00
Difference : 5.83
Category   : Formula discrepancy
------------------------------------------------------------
SBILIFE | Mar 2017 | ROCE
Calculated : 21.74
Source     : 13.20
Difference : 8.54
Category   : Formula discrepancy
------------------------------------------------------------
SBILIFE | Mar 2017 | ROE
Calculated : 17.20
Source     : 12.00
Difference : 5.20
Category   : Formula discrepancy
------------------------------------------------------------
SBILIFE | Mar 2018 | ROCE
Calculated : 22.79
Source     : 13.20
Difference : 9.59
Category   : Formula discrepancy
------------------------------------------------------------
SBILIFE | Mar 2018 | ROE
Calculated : 17.62
Source     : 12.00
Difference : 5.62
Category   : Formula discrepancy
------------------------------------------------------------
SBILIFE | Mar 2019 | ROCE
Calculated : 22.97
Source     : 13.20
Difference : 9.77
Category   : Formula discrepancy
------------------------------------------------------------
SBILIFE | Mar 2019 | ROE
Calculated : 17.52
Source     : 12.00
Difference : 5.52
Category   : Formula discrepancy
------------------------------------------------------------
SBILIFE | Mar 2020 | ROCE
Calculated : 21.50
Source     : 13.20
Difference : 8.30
Category   : Formula discrepancy
------------------------------------------------------------
SHREECEM | Jun 2013 | ROCE
Calculated : 34.06
Source     : 14.80
Difference : 19.26
Category   : Formula discrepancy
------------------------------------------------------------
SHREECEM | Jun 2013 | ROE
Calculated : 26.12
Source     : 12.20
Difference : 13.92
Category   : Formula discrepancy
------------------------------------------------------------
SHREECEM | Jun 2014 | ROCE
Calculated : 25.27
Source     : 14.80
Difference : 10.47
Category   : Formula discrepancy
------------------------------------------------------------
SHREECEM | Jun 2015 | ROCE
Calculated : 23.35
Source     : 14.80
Difference : 8.55
Category   : Formula discrepancy
------------------------------------------------------------
SHREECEM | Mar 2017 | ROCE
Calculated : 31.98
Source     : 14.80
Difference : 17.18
Category   : Formula discrepancy
------------------------------------------------------------
SHREECEM | Mar 2017 | ROE
Calculated : 17.39
Source     : 12.20
Difference : 5.19
Category   : Formula discrepancy
------------------------------------------------------------
SHREECEM | Mar 2018 | ROCE
Calculated : 23.27
Source     : 14.80
Difference : 8.47
Category   : Formula discrepancy
------------------------------------------------------------
SHREECEM | Mar 2019 | ROCE
Calculated : 22.98
Source     : 14.80
Difference : 8.18
Category   : Formula discrepancy
------------------------------------------------------------
SHREECEM | Mar 2020 | ROCE
Calculated : 24.73
Source     : 14.80
Difference : 9.93
Category   : Formula discrepancy
------------------------------------------------------------
SHREECEM | Mar 2021 | ROCE
Calculated : 25.63
Source     : 14.80
Difference : 10.83
Category   : Formula discrepancy
------------------------------------------------------------
SHREECEM | Mar 2022 | ROCE
Calculated : 21.72
Source     : 14.80
Difference : 6.92
Category   : Formula discrepancy
------------------------------------------------------------
SHREECEM | Mar 2024 | ROCE
Calculated : 22.88
Source     : 14.80
Difference : 8.08
Category   : Formula discrepancy
------------------------------------------------------------
SHRIRAMFIN | Mar 2013 | ROCE
Calculated : 5.37
Source     : 11.30
Difference : 5.93
Category   : Formula discrepancy
------------------------------------------------------------
SHRIRAMFIN | Mar 2014 | ROCE
Calculated : 4.25
Source     : 11.30
Difference : 7.05
Category   : Formula discrepancy
------------------------------------------------------------
SHRIRAMFIN | Mar 2015 | ROCE
Calculated : 3.03
Source     : 11.30
Difference : 8.27
Category   : Formula discrepancy
------------------------------------------------------------
SHRIRAMFIN | Mar 2016 | ROCE
Calculated : 3.05
Source     : 11.30
Difference : 8.25
Category   : Formula discrepancy
------------------------------------------------------------
SHRIRAMFIN | Mar 2017 | ROCE
Calculated : 3.06
Source     : 11.30
Difference : 8.24
Category   : Formula discrepancy
------------------------------------------------------------
SHRIRAMFIN | Mar 2018 | ROCE
Calculated : 4.10
Source     : 11.30
Difference : 7.20
Category   : Formula discrepancy
------------------------------------------------------------
SHRIRAMFIN | Mar 2019 | ROCE
Calculated : 3.68
Source     : 11.30
Difference : 7.62
Category   : Formula discrepancy
------------------------------------------------------------
SHRIRAMFIN | Mar 2020 | ROCE
Calculated : 3.17
Source     : 11.30
Difference : 8.13
Category   : Formula discrepancy
------------------------------------------------------------
SHRIRAMFIN | Mar 2021 | ROCE
Calculated : 2.66
Source     : 11.30
Difference : 8.64
Category   : Formula discrepancy
------------------------------------------------------------
SHRIRAMFIN | Mar 2022 | ROCE
Calculated : 2.61
Source     : 11.30
Difference : 8.69
Category   : Formula discrepancy
------------------------------------------------------------
SHRIRAMFIN | Mar 2022 | ROE
Calculated : 10.43
Source     : 15.90
Difference : 5.47
Category   : Formula discrepancy
------------------------------------------------------------
SHRIRAMFIN | Mar 2023 | ROCE
Calculated : 4.24
Source     : 11.30
Difference : 7.06
Category   : Formula discrepancy
------------------------------------------------------------
SHRIRAMFIN | Mar 2024 | ROCE
Calculated : 4.32
Source     : 11.30
Difference : 6.98
Category   : Formula discrepancy
------------------------------------------------------------
SIEMENS | Sep 2011 | ROCE
Calculated : 38.52
Source     : 25.60
Difference : 12.92
Category   : Formula discrepancy
------------------------------------------------------------
SIEMENS | Sep 2014 | ROE
Calculated : 13.78
Source     : 19.10
Difference : 5.32
Category   : Formula discrepancy
------------------------------------------------------------
SIEMENS | Sep 2015 | ROCE
Calculated : 37.75
Source     : 25.60
Difference : 12.15
Category   : Formula discrepancy
------------------------------------------------------------
SIEMENS | Sep 2016 | ROCE
Calculated : 61.17
Source     : 25.60
Difference : 35.57
Category   : Formula discrepancy
------------------------------------------------------------
SIEMENS | Sep 2016 | ROE
Calculated : 42.83
Source     : 19.10
Difference : 23.73
Category   : Formula discrepancy
------------------------------------------------------------
SIEMENS | Sep 2018 | ROCE
Calculated : 19.36
Source     : 25.60
Difference : 6.24
Category   : Formula discrepancy
------------------------------------------------------------
SIEMENS | Sep 2018 | ROE
Calculated : 10.86
Source     : 19.10
Difference : 8.24
Category   : Formula discrepancy
------------------------------------------------------------
SIEMENS | Sep 2019 | ROE
Calculated : 12.14
Source     : 19.10
Difference : 6.96
Category   : Formula discrepancy
------------------------------------------------------------
SIEMENS | Sep 2020 | ROCE
Calculated : 13.89
Source     : 25.60
Difference : 11.71
Category   : Formula discrepancy
------------------------------------------------------------
SIEMENS | Sep 2020 | ROE
Calculated : 8.10
Source     : 19.10
Difference : 11.00
Category   : Formula discrepancy
------------------------------------------------------------
SIEMENS | Sep 2021 | ROCE
Calculated : 17.13
Source     : 25.60
Difference : 8.47
Category   : Formula discrepancy
------------------------------------------------------------
SIEMENS | Sep 2021 | ROE
Calculated : 10.52
Source     : 19.10
Difference : 8.58
Category   : Formula discrepancy
------------------------------------------------------------
SIEMENS | Sep 2022 | ROCE
Calculated : 19.90
Source     : 25.60
Difference : 5.70
Category   : Formula discrepancy
------------------------------------------------------------
SIEMENS | Sep 2022 | ROE
Calculated : 13.29
Source     : 19.10
Difference : 5.81
Category   : Formula discrepancy
------------------------------------------------------------
SUNPHARMA | Mar 2013 | ROCE
Calculated : 30.78
Source     : 17.30
Difference : 13.48
Category   : Formula discrepancy
------------------------------------------------------------
SUNPHARMA | Mar 2013 | ROE
Calculated : 23.14
Source     : 16.70
Difference : 6.44
Category   : Formula discrepancy
------------------------------------------------------------
SUNPHARMA | Mar 2014 | ROCE
Calculated : 23.88
Source     : 17.30
Difference : 6.58
Category   : Formula discrepancy
------------------------------------------------------------
SUNPHARMA | Mar 2015 | ROCE
Calculated : 23.61
Source     : 17.30
Difference : 6.31
Category   : Formula discrepancy
------------------------------------------------------------
SUNPHARMA | Mar 2017 | ROCE
Calculated : 23.05
Source     : 17.30
Difference : 5.75
Category   : Formula discrepancy
------------------------------------------------------------
SUNPHARMA | Mar 2018 | ROCE
Calculated : 11.29
Source     : 17.30
Difference : 6.01
Category   : Formula discrepancy
------------------------------------------------------------
SUNPHARMA | Mar 2018 | ROE
Calculated : 6.63
Source     : 16.70
Difference : 10.07
Category   : Formula discrepancy
------------------------------------------------------------
SUNPHARMA | Mar 2019 | ROCE
Calculated : 11.78
Source     : 17.30
Difference : 5.52
Category   : Formula discrepancy
------------------------------------------------------------
SUNPHARMA | Mar 2019 | ROE
Calculated : 7.75
Source     : 16.70
Difference : 8.95
Category   : Formula discrepancy
------------------------------------------------------------
SUNPHARMA | Mar 2020 | ROE
Calculated : 9.22
Source     : 16.70
Difference : 7.48
Category   : Formula discrepancy
------------------------------------------------------------
SUNPHARMA | Mar 2021 | ROCE
Calculated : 9.98
Source     : 17.30
Difference : 7.32
Category   : Formula discrepancy
------------------------------------------------------------
SUNPHARMA | Mar 2021 | ROE
Calculated : 4.89
Source     : 16.70
Difference : 11.81
Category   : Formula discrepancy
------------------------------------------------------------
SUNPHARMA | Mar 2022 | ROE
Calculated : 7.06
Source     : 16.70
Difference : 9.64
Category   : Formula discrepancy
------------------------------------------------------------
TATACONSUM | Mar 2016 | ROCE
Calculated : 5.32
Source     : 10.60
Difference : 5.28
Category   : Formula discrepancy
------------------------------------------------------------
TATACONSUM | Mar 2016 | ROE
Calculated : -0.59
Source     : 8.32
Difference : 8.91
Category   : Formula discrepancy
------------------------------------------------------------
TATAMOTORS | Mar 2013 | ROCE
Calculated : 27.16
Source     : 20.10
Difference : 7.06
Category   : Formula discrepancy
------------------------------------------------------------
TATAMOTORS | Mar 2013 | ROE
Calculated : 26.51
Source     : 49.40
Difference : 22.89
Category   : Formula discrepancy
------------------------------------------------------------
TATAMOTORS | Mar 2014 | ROCE
Calculated : 27.48
Source     : 20.10
Difference : 7.38
Category   : Formula discrepancy
------------------------------------------------------------
TATAMOTORS | Mar 2014 | ROE
Calculated : 21.42
Source     : 49.40
Difference : 27.98
Category   : Formula discrepancy
------------------------------------------------------------
TATAMOTORS | Mar 2015 | ROCE
Calculated : 30.76
Source     : 20.10
Difference : 10.66
Category   : Formula discrepancy
------------------------------------------------------------
TATAMOTORS | Mar 2015 | ROE
Calculated : 25.01
Source     : 49.40
Difference : 24.39
Category   : Formula discrepancy
------------------------------------------------------------
TATAMOTORS | Mar 2016 | ROE
Calculated : 14.79
Source     : 49.40
Difference : 34.61
Category   : Formula discrepancy
------------------------------------------------------------
TATAMOTORS | Mar 2017 | ROE
Calculated : 13.02
Source     : 49.40
Difference : 36.38
Category   : Formula discrepancy
------------------------------------------------------------
TATAMOTORS | Mar 2018 | ROE
Calculated : 9.53
Source     : 49.40
Difference : 39.87
Category   : Formula discrepancy
------------------------------------------------------------
TATAMOTORS | Mar 2019 | ROCE
Calculated : -1.22
Source     : 20.10
Difference : 21.32
Category   : Formula discrepancy
------------------------------------------------------------
TATAMOTORS | Mar 2019 | ROE
Calculated : -47.73
Source     : 49.40
Difference : 97.13
Category   : Formula discrepancy
------------------------------------------------------------
TATAMOTORS | Mar 2020 | ROCE
Calculated : 9.63
Source     : 20.10
Difference : 10.47
Category   : Formula discrepancy
------------------------------------------------------------
TATAMOTORS | Mar 2020 | ROE
Calculated : -18.98
Source     : 49.40
Difference : 68.38
Category   : Formula discrepancy
------------------------------------------------------------
TATAMOTORS | Mar 2021 | ROCE
Calculated : 10.73
Source     : 20.10
Difference : 9.37
Category   : Formula discrepancy
------------------------------------------------------------
TATAMOTORS | Mar 2021 | ROE
Calculated : -24.25
Source     : 49.40
Difference : 73.65
Category   : Formula discrepancy
------------------------------------------------------------
TATAMOTORS | Mar 2022 | ROCE
Calculated : 14.21
Source     : 20.10
Difference : 5.89
Category   : Formula discrepancy
------------------------------------------------------------
TATAMOTORS | Mar 2022 | ROE
Calculated : -25.38
Source     : 49.40
Difference : 74.78
Category   : Formula discrepancy
------------------------------------------------------------
TATAMOTORS | Mar 2023 | ROE
Calculated : 5.94
Source     : 49.40
Difference : 43.46
Category   : Formula discrepancy
------------------------------------------------------------
TATAMOTORS | Mar 2024 | ROCE
Calculated : 33.93
Source     : 20.10
Difference : 13.83
Category   : Formula discrepancy
------------------------------------------------------------
TATAMOTORS | Mar 2024 | ROE
Calculated : 37.46
Source     : 49.40
Difference : 11.94
Category   : Formula discrepancy
------------------------------------------------------------
TATAPOWER | Mar 2013 | ROE
Calculated : 1.00
Source     : 11.30
Difference : 10.30
Category   : Formula discrepancy
------------------------------------------------------------
TATAPOWER | Mar 2014 | ROE
Calculated : 0.10
Source     : 11.30
Difference : 11.20
Category   : Formula discrepancy
------------------------------------------------------------
TATAPOWER | Mar 2015 | ROE
Calculated : 3.19
Source     : 11.30
Difference : 8.11
Category   : Formula discrepancy
------------------------------------------------------------
TATAPOWER | Mar 2023 | ROCE
Calculated : 16.24
Source     : 11.10
Difference : 5.14
Category   : Formula discrepancy
------------------------------------------------------------
TATAPOWER | Mar 2024 | ROCE
Calculated : 16.45
Source     : 11.10
Difference : 5.35
Category   : Formula discrepancy
------------------------------------------------------------
TATASTEEL | Mar 2013 | ROE
Calculated : -21.28
Source     : 6.55
Difference : 27.83
Category   : Formula discrepancy
------------------------------------------------------------
TATASTEEL | Mar 2014 | ROCE
Calculated : 13.83
Source     : 7.02
Difference : 6.81
Category   : Formula discrepancy
------------------------------------------------------------
TATASTEEL | Mar 2015 | ROE
Calculated : -12.56
Source     : 6.55
Difference : 19.11
Category   : Formula discrepancy
------------------------------------------------------------
TATASTEEL | Mar 2016 | ROE
Calculated : -1.14
Source     : 6.55
Difference : 7.69
Category   : Formula discrepancy
------------------------------------------------------------
TATASTEEL | Mar 2017 | ROE
Calculated : -11.02
Source     : 6.55
Difference : 17.57
Category   : Formula discrepancy
------------------------------------------------------------
TATASTEEL | Mar 2018 | ROCE
Calculated : 21.13
Source     : 7.02
Difference : 14.11
Category   : Formula discrepancy
------------------------------------------------------------
TATASTEEL | Mar 2018 | ROE
Calculated : 29.15
Source     : 6.55
Difference : 22.60
Category   : Formula discrepancy
------------------------------------------------------------
TATASTEEL | Mar 2019 | ROCE
Calculated : 18.17
Source     : 7.02
Difference : 11.15
Category   : Formula discrepancy
------------------------------------------------------------
TATASTEEL | Mar 2019 | ROE
Calculated : 13.23
Source     : 6.55
Difference : 6.68
Category   : Formula discrepancy
------------------------------------------------------------
TATASTEEL | Mar 2021 | ROCE
Calculated : 18.85
Source     : 7.02
Difference : 11.83
Category   : Formula discrepancy
------------------------------------------------------------
TATASTEEL | Mar 2022 | ROCE
Calculated : 34.10
Source     : 7.02
Difference : 27.08
Category   : Formula discrepancy
------------------------------------------------------------
TATASTEEL | Mar 2022 | ROE
Calculated : 36.48
Source     : 6.55
Difference : 29.93
Category   : Formula discrepancy
------------------------------------------------------------
TATASTEEL | Mar 2023 | ROCE
Calculated : 18.02
Source     : 7.02
Difference : 11.00
Category   : Formula discrepancy
------------------------------------------------------------
TATASTEEL | Mar 2024 | ROE
Calculated : -5.33
Source     : 6.55
Difference : 11.88
Category   : Formula discrepancy
------------------------------------------------------------
TCS | Mar 2013 | ROCE
Calculated : 49.43
Source     : 64.30
Difference : 14.87
Category   : Formula discrepancy
------------------------------------------------------------
TCS | Mar 2013 | ROE
Calculated : 36.52
Source     : 0.52
Difference : 36.00
Category   : Formula discrepancy
------------------------------------------------------------
TCS | Mar 2014 | ROCE
Calculated : 54.13
Source     : 64.30
Difference : 10.17
Category   : Formula discrepancy
------------------------------------------------------------
TCS | Mar 2014 | ROE
Calculated : 39.30
Source     : 0.52
Difference : 38.78
Category   : Formula discrepancy
------------------------------------------------------------
TCS | Mar 2015 | ROCE
Calculated : 55.31
Source     : 64.30
Difference : 8.99
Category   : Formula discrepancy
------------------------------------------------------------
TCS | Mar 2015 | ROE
Calculated : 39.62
Source     : 0.52
Difference : 39.10
Category   : Formula discrepancy
------------------------------------------------------------
TCS | Mar 2016 | ROCE
Calculated : 47.34
Source     : 64.30
Difference : 16.96
Category   : Formula discrepancy
------------------------------------------------------------
TCS | Mar 2016 | ROE
Calculated : 34.24
Source     : 0.52
Difference : 33.72
Category   : Formula discrepancy
------------------------------------------------------------
TCS | Mar 2017 | ROCE
Calculated : 42.23
Source     : 64.30
Difference : 22.07
Category   : Formula discrepancy
------------------------------------------------------------
TCS | Mar 2017 | ROE
Calculated : 30.57
Source     : 0.52
Difference : 30.05
Category   : Formula discrepancy
------------------------------------------------------------
TCS | Mar 2018 | ROCE
Calculated : 42.35
Source     : 64.30
Difference : 21.95
Category   : Formula discrepancy
------------------------------------------------------------
TCS | Mar 2018 | ROE
Calculated : 30.40
Source     : 0.52
Difference : 29.88
Category   : Formula discrepancy
------------------------------------------------------------
TCS | Mar 2019 | ROCE
Calculated : 48.95
Source     : 64.30
Difference : 15.35
Category   : Formula discrepancy
------------------------------------------------------------
TCS | Mar 2019 | ROE
Calculated : 35.29
Source     : 0.52
Difference : 34.77
Category   : Formula discrepancy
------------------------------------------------------------
TCS | Mar 2020 | ROCE
Calculated : 50.60
Source     : 64.30
Difference : 13.70
Category   : Formula discrepancy
------------------------------------------------------------
TCS | Mar 2020 | ROE
Calculated : 38.57
Source     : 0.52
Difference : 38.05
Category   : Formula discrepancy
------------------------------------------------------------
TCS | Mar 2021 | ROCE
Calculated : 51.43
Source     : 64.30
Difference : 12.87
Category   : Formula discrepancy
------------------------------------------------------------
TCS | Mar 2021 | ROE
Calculated : 37.67
Source     : 0.52
Difference : 37.15
Category   : Formula discrepancy
------------------------------------------------------------
TCS | Mar 2022 | ROCE
Calculated : 58.87
Source     : 64.30
Difference : 5.43
Category   : Formula discrepancy
------------------------------------------------------------
TCS | Mar 2022 | ROE
Calculated : 43.13
Source     : 0.52
Difference : 42.61
Category   : Formula discrepancy
------------------------------------------------------------
TCS | Mar 2023 | ROE
Calculated : 46.78
Source     : 0.52
Difference : 46.26
Category   : Formula discrepancy
------------------------------------------------------------
TCS | Mar 2024 | ROE
Calculated : 50.94
Source     : 0.52
Difference : 50.42
Category   : Formula discrepancy
------------------------------------------------------------
TECHM | Mar 2013 | ROCE
Calculated : 18.82
Source     : 11.90
Difference : 6.92
Category   : Formula discrepancy
------------------------------------------------------------
TECHM | Mar 2013 | ROE
Calculated : 24.09
Source     : 8.63
Difference : 15.46
Category   : Formula discrepancy
------------------------------------------------------------
TECHM | Mar 2014 | ROCE
Calculated : 46.27
Source     : 11.90
Difference : 34.37
Category   : Formula discrepancy
------------------------------------------------------------
TECHM | Mar 2014 | ROE
Calculated : 33.35
Source     : 8.63
Difference : 24.72
Category   : Formula discrepancy
------------------------------------------------------------
TECHM | Mar 2015 | ROCE
Calculated : 33.20
Source     : 11.90
Difference : 21.30
Category   : Formula discrepancy
------------------------------------------------------------
TECHM | Mar 2015 | ROE
Calculated : 21.71
Source     : 8.63
Difference : 13.08
Category   : Formula discrepancy
------------------------------------------------------------
TECHM | Mar 2016 | ROCE
Calculated : 30.05
Source     : 11.90
Difference : 18.15
Category   : Formula discrepancy
------------------------------------------------------------
TECHM | Mar 2016 | ROE
Calculated : 20.75
Source     : 8.63
Difference : 12.12
Category   : Formula discrepancy
------------------------------------------------------------
TECHM | Mar 2017 | ROCE
Calculated : 27.85
Source     : 11.90
Difference : 15.95
Category   : Formula discrepancy
------------------------------------------------------------
TECHM | Mar 2017 | ROE
Calculated : 17.35
Source     : 8.63
Difference : 8.72
Category   : Formula discrepancy
------------------------------------------------------------
TECHM | Mar 2018 | ROCE
Calculated : 28.85
Source     : 11.90
Difference : 16.95
Category   : Formula discrepancy
------------------------------------------------------------
TECHM | Mar 2018 | ROE
Calculated : 20.09
Source     : 8.63
Difference : 11.46
Category   : Formula discrepancy
------------------------------------------------------------
TECHM | Mar 2019 | ROCE
Calculated : 30.54
Source     : 11.90
Difference : 18.64
Category   : Formula discrepancy
------------------------------------------------------------
TECHM | Mar 2019 | ROE
Calculated : 21.14
Source     : 8.63
Difference : 12.51
Category   : Formula discrepancy
------------------------------------------------------------
TECHM | Mar 2020 | ROCE
Calculated : 26.27
Source     : 11.90
Difference : 14.37
Category   : Formula discrepancy
------------------------------------------------------------
TECHM | Mar 2020 | ROE
Calculated : 17.87
Source     : 8.63
Difference : 9.24
Category   : Formula discrepancy
------------------------------------------------------------
TECHM | Mar 2021 | ROCE
Calculated : 27.31
Source     : 11.90
Difference : 15.41
Category   : Formula discrepancy
------------------------------------------------------------
TECHM | Mar 2021 | ROE
Calculated : 17.51
Source     : 8.63
Difference : 8.88
Category   : Formula discrepancy
------------------------------------------------------------
TECHM | Mar 2022 | ROCE
Calculated : 30.96
Source     : 11.90
Difference : 19.06
Category   : Formula discrepancy
------------------------------------------------------------
TECHM | Mar 2022 | ROE
Calculated : 20.94
Source     : 8.63
Difference : 12.31
Category   : Formula discrepancy
------------------------------------------------------------
TECHM | Mar 2023 | ROCE
Calculated : 28.46
Source     : 11.90
Difference : 16.56
Category   : Formula discrepancy
------------------------------------------------------------
TECHM | Mar 2023 | ROE
Calculated : 17.39
Source     : 8.63
Difference : 8.76
Category   : Formula discrepancy
------------------------------------------------------------
TECHM | Mar 2024 | ROCE
Calculated : 18.60
Source     : 11.90
Difference : 6.70
Category   : Formula discrepancy
------------------------------------------------------------
TITAN | Mar 2013 | ROCE
Calculated : 56.50
Source     : 22.70
Difference : 33.80
Category   : Formula discrepancy
------------------------------------------------------------
TITAN | Mar 2014 | ROCE
Calculated : 34.95
Source     : 22.70
Difference : 12.25
Category   : Formula discrepancy
------------------------------------------------------------
TITAN | Mar 2015 | ROCE
Calculated : 38.32
Source     : 22.70
Difference : 15.62
Category   : Formula discrepancy
------------------------------------------------------------
TITAN | Mar 2015 | ROE
Calculated : 26.46
Source     : 32.90
Difference : 6.44
Category   : Formula discrepancy
------------------------------------------------------------
TITAN | Mar 2016 | ROCE
Calculated : 27.85
Source     : 22.70
Difference : 5.15
Category   : Formula discrepancy
------------------------------------------------------------
TITAN | Mar 2016 | ROE
Calculated : 19.25
Source     : 32.90
Difference : 13.65
Category   : Formula discrepancy
------------------------------------------------------------
TITAN | Mar 2017 | ROE
Calculated : 16.47
Source     : 32.90
Difference : 16.43
Category   : Formula discrepancy
------------------------------------------------------------
TITAN | Mar 2018 | ROE
Calculated : 21.65
Source     : 32.90
Difference : 11.25
Category   : Formula discrepancy
------------------------------------------------------------
TITAN | Mar 2019 | ROE
Calculated : 22.88
Source     : 32.90
Difference : 10.02
Category   : Formula discrepancy
------------------------------------------------------------
TITAN | Mar 2020 | ROE
Calculated : 22.39
Source     : 32.90
Difference : 10.51
Category   : Formula discrepancy
------------------------------------------------------------
TITAN | Mar 2021 | ROCE
Calculated : 14.50
Source     : 22.70
Difference : 8.20
Category   : Formula discrepancy
------------------------------------------------------------
TITAN | Mar 2021 | ROE
Calculated : 12.99
Source     : 32.90
Difference : 19.91
Category   : Formula discrepancy
------------------------------------------------------------
TITAN | Mar 2022 | ROE
Calculated : 23.63
Source     : 32.90
Difference : 9.27
Category   : Formula discrepancy
------------------------------------------------------------
TITAN | Mar 2023 | ROE
Calculated : 27.63
Source     : 32.90
Difference : 5.27
Category   : Formula discrepancy
------------------------------------------------------------
TORNTPHARM | Mar 2013 | ROCE
Calculated : 33.00
Source     : 23.20
Difference : 9.80
Category   : Formula discrepancy
------------------------------------------------------------
TORNTPHARM | Mar 2013 | ROE
Calculated : 30.59
Source     : 24.20
Difference : 6.39
Category   : Formula discrepancy
------------------------------------------------------------
TORNTPHARM | Mar 2014 | ROCE
Calculated : 32.59
Source     : 23.20
Difference : 9.39
Category   : Formula discrepancy
------------------------------------------------------------
TORNTPHARM | Mar 2014 | ROE
Calculated : 34.89
Source     : 24.20
Difference : 10.69
Category   : Formula discrepancy
------------------------------------------------------------
TORNTPHARM | Mar 2015 | ROE
Calculated : 30.15
Source     : 24.20
Difference : 5.95
Category   : Formula discrepancy
------------------------------------------------------------
TORNTPHARM | Mar 2016 | ROCE
Calculated : 47.30
Source     : 23.20
Difference : 24.10
Category   : Formula discrepancy
------------------------------------------------------------
TORNTPHARM | Mar 2016 | ROE
Calculated : 49.60
Source     : 24.20
Difference : 25.40
Category   : Formula discrepancy
------------------------------------------------------------
TORNTPHARM | Mar 2018 | ROCE
Calculated : 14.87
Source     : 23.20
Difference : 8.33
Category   : Formula discrepancy
------------------------------------------------------------
TORNTPHARM | Mar 2018 | ROE
Calculated : 14.67
Source     : 24.20
Difference : 9.53
Category   : Formula discrepancy
------------------------------------------------------------
TORNTPHARM | Mar 2019 | ROCE
Calculated : 15.64
Source     : 23.20
Difference : 7.56
Category   : Formula discrepancy
------------------------------------------------------------
TORNTPHARM | Mar 2019 | ROE
Calculated : 9.23
Source     : 24.20
Difference : 14.97
Category   : Formula discrepancy
------------------------------------------------------------
TORNTPHARM | Mar 2022 | ROE
Calculated : 13.05
Source     : 24.20
Difference : 11.15
Category   : Formula discrepancy
------------------------------------------------------------
TORNTPHARM | Mar 2024 | ROCE
Calculated : 32.30
Source     : 23.20
Difference : 9.10
Category   : Formula discrepancy
------------------------------------------------------------
TRENT | Mar 2013 | ROCE
Calculated : 4.00
Source     : 23.80
Difference : 19.80
Category   : Formula discrepancy
------------------------------------------------------------
TRENT | Mar 2013 | ROE
Calculated : -2.19
Source     : 27.20
Difference : 29.39
Category   : Formula discrepancy
------------------------------------------------------------
TRENT | Mar 2014 | ROCE
Calculated : 6.12
Source     : 23.80
Difference : 17.68
Category   : Formula discrepancy
------------------------------------------------------------
TRENT | Mar 2014 | ROE
Calculated : -1.92
Source     : 27.20
Difference : 29.12
Category   : Formula discrepancy
------------------------------------------------------------
TRENT | Mar 2015 | ROCE
Calculated : 17.53
Source     : 23.80
Difference : 6.27
Category   : Formula discrepancy
------------------------------------------------------------
TRENT | Mar 2015 | ROE
Calculated : 9.07
Source     : 27.20
Difference : 18.13
Category   : Formula discrepancy
------------------------------------------------------------
TRENT | Mar 2016 | ROCE
Calculated : 9.44
Source     : 23.80
Difference : 14.36
Category   : Formula discrepancy
------------------------------------------------------------
TRENT | Mar 2016 | ROE
Calculated : 3.76
Source     : 27.20
Difference : 23.44
Category   : Formula discrepancy
------------------------------------------------------------
TRENT | Mar 2017 | ROCE
Calculated : 11.09
Source     : 23.80
Difference : 12.71
Category   : Formula discrepancy
------------------------------------------------------------
TRENT | Mar 2017 | ROE
Calculated : 5.49
Source     : 27.20
Difference : 21.71
Category   : Formula discrepancy
------------------------------------------------------------
TRENT | Mar 2018 | ROCE
Calculated : 11.83
Source     : 23.80
Difference : 11.97
Category   : Formula discrepancy
------------------------------------------------------------
TRENT | Mar 2018 | ROE
Calculated : 5.45
Source     : 27.20
Difference : 21.75
Category   : Formula discrepancy
------------------------------------------------------------
TRENT | Mar 2019 | ROCE
Calculated : 12.66
Source     : 23.80
Difference : 11.14
Category   : Formula discrepancy
------------------------------------------------------------
TRENT | Mar 2019 | ROE
Calculated : 5.77
Source     : 27.20
Difference : 21.43
Category   : Formula discrepancy
------------------------------------------------------------
TRENT | Mar 2020 | ROE
Calculated : 4.44
Source     : 27.20
Difference : 22.76
Category   : Formula discrepancy
------------------------------------------------------------
TRENT | Mar 2021 | ROCE
Calculated : 11.98
Source     : 23.80
Difference : 11.82
Category   : Formula discrepancy
------------------------------------------------------------
TRENT | Mar 2021 | ROE
Calculated : -7.83
Source     : 27.20
Difference : 35.03
Category   : Formula discrepancy
------------------------------------------------------------
TRENT | Mar 2022 | ROCE
Calculated : 10.54
Source     : 23.80
Difference : 13.26
Category   : Formula discrepancy
------------------------------------------------------------
TRENT | Mar 2022 | ROE
Calculated : 1.48
Source     : 27.20
Difference : 25.72
Category   : Formula discrepancy
------------------------------------------------------------
TRENT | Mar 2023 | ROE
Calculated : 15.18
Source     : 27.20
Difference : 12.02
Category   : Formula discrepancy
------------------------------------------------------------
TRENT | Mar 2024 | ROCE
Calculated : 50.85
Source     : 23.80
Difference : 27.05
Category   : Formula discrepancy
------------------------------------------------------------
TRENT | Mar 2024 | ROE
Calculated : 36.31
Source     : 27.20
Difference : 9.11
Category   : Formula discrepancy
------------------------------------------------------------
